market,bin_s,sym_i,sym_h,p_i,p_h,or_crude,or_mh,ci_lo,ci_hi
binance,1.0,ALLOUSDT,BICOUSDT,0.6799074074074074,0.25666666666666665,1.1161859783879187,1.043731085416359,0.9953458896107654,1.0974403108362782
binance,1.0,ALLOUSDT,BTCUSDT,0.6799074074074074,0.7259606481481482,1.2169190626941138,1.0257178811536722,0.983584230303943,1.0676855049890057
binance,1.0,ALLOUSDT,ETHUSDT,0.6799074074074074,0.48238425925925926,0.9422858774247187,0.9832257107979389,0.9361762331025558,1.0264329714310407
binance,1.0,ALLOUSDT,HEMIUSDT,0.6799074074074074,0.3515625,1.0116957358794887,1.026436655238099,0.9703465212399315,1.0798708410977182
binance,1.0,ALLOUSDT,LINKUSDT,0.6799074074074074,0.3200925925925926,1.1975799669038905,0.9686625432630345,0.9289533643277541,1.0139426842066621
binance,1.0,ALLOUSDT,PLUMEUSDT,0.6799074074074074,0.6462847222222222,1.6559917744660906,1.0209269206001472,0.9627273602101724,1.0865660185927601
binance,1.0,ALLOUSDT,SOLUSDT,0.6799074074074074,0.3526388888888889,1.0960280771151434,0.9941958241974331,0.9600429479662668,1.035193838094666
binance,1.0,ALLOUSDT,SPCXBUSDT,0.6799074074074074,0.12199074074074075,1.2885925606988995,1.0433217866966789,0.9564967562257171,1.1397714368314569
binance,1.0,ALLOUSDT,SYRUPUSDT,0.6799074074074074,0.038009259259259257,0.9703229764993754,0.9715508827205948,0.8785504208715524,1.0878204960247513
binance,1.0,ALLOUSDT,TRUMPUSDT,0.6799074074074074,0.03940972222222222,1.132885217833419,1.1112984731909694,1.0313769854730446,1.2087557229215675
binance,1.0,ALLOUSDT,XPLUSDT,0.6799074074074074,0.7874537037037037,2.9565350807534037,1.0466750652839538,0.9511090416516617,1.1527836980612953
binance,1.0,ALLOUSDT,XRPUSDT,0.6799074074074074,0.22747685185185185,1.0324218450863871,0.9954429522076811,0.9597457367228078,1.0294136439917756
binance,1.0,ALLOUSDT,XVSUSDT,0.6799074074074074,0.0328125,0.8365274091282612,1.0311399040094325,0.9238148191202379,1.1435249033916304
binance,1.0,BICOUSDT,BTCUSDT,0.25666666666666665,0.7259606481481482,1.0138677719487779,1.0333289975116644,1.0036007164273022,1.0667224884474489
binance,1.0,BICOUSDT,ETHUSDT,0.25666666666666665,0.48238425925925926,1.0133639693994392,1.0287315006295348,0.9869361659977597,1.0696146043580192
binance,1.0,BICOUSDT,HEMIUSDT,0.25666666666666665,0.3515625,0.808293179702229,1.0174486819746065,0.9681867814036527,1.0732229321731581
binance,1.0,BICOUSDT,LINKUSDT,0.25666666666666665,0.3200925925925926,1.253997076054307,1.077758587855187,1.0283021631580778,1.1269404165555252
binance,1.0,BICOUSDT,PLUMEUSDT,0.25666666666666665,0.6462847222222222,0.9931247885401884,0.9995567162214516,0.9432664552867427,1.0584343270374008
binance,1.0,BICOUSDT,SOLUSDT,0.25666666666666665,0.3526388888888889,1.0216922668959223,1.0233113329930585,0.9792652987778716,1.0686573268243078
binance,1.0,BICOUSDT,SPCXBUSDT,0.25666666666666665,0.12199074074074075,0.9868769457501304,1.0112663982074686,0.9475130605857248,1.0746311898722443
binance,1.0,BICOUSDT,SYRUPUSDT,0.25666666666666665,0.038009259259259257,0.9017111635548998,1.0582250709799534,0.9591580276479006,1.1462711445179328
binance,1.0,BICOUSDT,TRUMPUSDT,0.25666666666666665,0.03940972222222222,1.1329674858784335,1.0480572360359317,0.954508734248473,1.1213416262185063
binance,1.0,BICOUSDT,XPLUSDT,0.25666666666666665,0.7874537037037037,1.1174177479047076,1.0405731080614824,0.9662239729551487,1.1237625929791935
binance,1.0,BICOUSDT,XRPUSDT,0.25666666666666665,0.22747685185185185,1.058701222091195,1.0107578898257894,0.9770570186901298,1.043041331920478
binance,1.0,BICOUSDT,XVSUSDT,0.25666666666666665,0.0328125,1.206619215102878,1.277524938119733,1.1676723110311582,1.403098405040881
binance,1.0,BTCUSDT,ETHUSDT,0.7259606481481482,0.48238425925925926,1.1256890478427777,1.1282208551770798,1.087672463820196,1.166471790158705
binance,1.0,BTCUSDT,HEMIUSDT,0.7259606481481482,0.3515625,1.1374307597728541,1.016683612172944,0.9711520702628645,1.0554344730374006
binance,1.0,BTCUSDT,LINKUSDT,0.7259606481481482,0.3200925925925926,1.0382081924848743,1.0307132244689754,0.9905591229195299,1.0705330508238788
binance,1.0,BTCUSDT,PLUMEUSDT,0.7259606481481482,0.6462847222222222,1.0417343801410892,0.9980183052321534,0.961676455942547,1.0299851179992634
binance,1.0,BTCUSDT,SOLUSDT,0.7259606481481482,0.3526388888888889,1.1954487233289468,1.160020371614487,1.1157813075995295,1.2048726850929177
binance,1.0,BTCUSDT,SPCXBUSDT,0.7259606481481482,0.12199074074074075,1.097414986430614,1.0567138106395413,0.9931503464766942,1.1308285678679413
binance,1.0,BTCUSDT,SYRUPUSDT,0.7259606481481482,0.038009259259259257,1.077095569718072,1.002977999679248,0.9242837733547329,1.0970739992055323
binance,1.0,BTCUSDT,TRUMPUSDT,0.7259606481481482,0.03940972222222222,1.1130306899217501,1.1161335508969785,1.0605705818323359,1.1859529633900683
binance,1.0,BTCUSDT,XPLUSDT,0.7259606481481482,0.7874537037037037,1.2504474202167024,1.0108016406588691,0.9660315477022365,1.056519468152607
binance,1.0,BTCUSDT,XRPUSDT,0.7259606481481482,0.22747685185185185,1.092027937116133,1.088865544921057,1.0509565000103251,1.1349859510570766
binance,1.0,BTCUSDT,XVSUSDT,0.7259606481481482,0.0328125,1.1961106205650072,1.2455781985965586,1.1138001089355718,1.420328543209166
binance,1.0,ETHUSDT,HEMIUSDT,0.48238425925925926,0.3515625,1.0677747429516893,1.0582900421119577,1.0162536631522552,1.0998991619172305
binance,1.0,ETHUSDT,LINKUSDT,0.48238425925925926,0.3200925925925926,1.1314849362437773,1.1214434806755997,1.0704033836678533,1.1692542138113062
binance,1.0,ETHUSDT,PLUMEUSDT,0.48238425925925926,0.6462847222222222,1.0120660200468434,0.9721531423701532,0.9385442228472677,1.011165937026485
binance,1.0,ETHUSDT,SOLUSDT,0.48238425925925926,0.3526388888888889,1.2028682287735732,1.2018795911131277,1.1645061300716142,1.2360084038165549
binance,1.0,ETHUSDT,SPCXBUSDT,0.48238425925925926,0.12199074074074075,1.0063684033297724,0.9751009491544187,0.9414368540342358,1.0087731499733255
binance,1.0,ETHUSDT,SYRUPUSDT,0.48238425925925926,0.038009259259259257,1.0544504448198042,1.0229658439078473,0.9426165656729082,1.1048282325314565
binance,1.0,ETHUSDT,TRUMPUSDT,0.48238425925925926,0.03940972222222222,1.1759851996920754,1.201836674842088,1.106215239644232,1.2969923927154612
binance,1.0,ETHUSDT,XPLUSDT,0.48238425925925926,0.7874537037037037,1.0029135928355135,0.9975275267320328,0.934940224113989,1.0663788502402158
binance,1.0,ETHUSDT,XRPUSDT,0.48238425925925926,0.22747685185185185,1.1594598582807862,1.1655155294870219,1.119421803109832,1.2068937367820316
binance,1.0,ETHUSDT,XVSUSDT,0.48238425925925926,0.0328125,1.1115026880384293,1.0874502711212788,1.0141846656949878,1.1683840588382153
binance,1.0,HEMIUSDT,LINKUSDT,0.3515625,0.3200925925925926,0.6786296022129067,1.0147853829930527,0.9655133322912011,1.0728960007057406
binance,1.0,HEMIUSDT,PLUMEUSDT,0.3515625,0.6462847222222222,0.6986201306998256,1.0149084421922165,0.970755767852414,1.0577747622567772
binance,1.0,HEMIUSDT,SOLUSDT,0.3515625,0.3526388888888889,1.0839320528292753,1.0307597491507412,0.992331036706749,1.0740686684452982
binance,1.0,HEMIUSDT,SPCXBUSDT,0.3515625,0.12199074074074075,1.042657233516541,0.977537339381448,0.9029113418219304,1.0441208704715084
binance,1.0,HEMIUSDT,SYRUPUSDT,0.3515625,0.038009259259259257,1.6814633203174127,0.966567302729911,0.8462052687841009,1.0833512401615608
binance,1.0,HEMIUSDT,TRUMPUSDT,0.3515625,0.03940972222222222,0.939571567388426,1.0268677528333041,0.9610492653829449,1.1147369000557696
binance,1.0,HEMIUSDT,XPLUSDT,0.3515625,0.7874537037037037,0.8444182884215814,1.0039895970543404,0.9428284734834708,1.072966287133605
binance,1.0,HEMIUSDT,XRPUSDT,0.3515625,0.22747685185185185,0.9073912660526094,1.0033647778788326,0.9654925598950974,1.0421088679934796
binance,1.0,HEMIUSDT,XVSUSDT,0.3515625,0.0328125,1.2670819966524225,1.1772616494800088,1.0759385685911662,1.304314937712323
binance,1.0,LINKUSDT,PLUMEUSDT,0.3200925925925926,0.6462847222222222,1.6102419304842672,1.0381548841372865,0.9850883231410157,1.0872210385696452
binance,1.0,LINKUSDT,SOLUSDT,0.3200925925925926,0.3526388888888889,1.095524848342598,1.0823822356020674,1.0455339231863356,1.1221480988165853
binance,1.0,LINKUSDT,SPCXBUSDT,0.3200925925925926,0.12199074074074075,1.0808617046326097,1.0499240624002903,0.9915229666305188,1.1237127029143692
binance,1.0,LINKUSDT,SYRUPUSDT,0.3200925925925926,0.038009259259259257,0.8104332175308805,1.0515050035263884,0.9987140809825531,1.1137018952939834
binance,1.0,LINKUSDT,TRUMPUSDT,0.3200925925925926,0.03940972222222222,1.202558227602492,1.141677802895003,1.0586499941477614,1.2454334598682149
binance,1.0,LINKUSDT,XPLUSDT,0.3200925925925926,0.7874537037037037,1.883557190938574,1.0077983573859486,0.9555253524852855,1.074002484057292
binance,1.0,LINKUSDT,XRPUSDT,0.3200925925925926,0.22747685185185185,1.229650533538814,1.1699769950554892,1.118796822231495,1.229731592588844
binance,1.0,LINKUSDT,XVSUSDT,0.3200925925925926,0.0328125,0.9562990805329297,1.0953307675225943,1.0033789370672705,1.1904604874331854
binance,1.0,PLUMEUSDT,SOLUSDT,0.6462847222222222,0.3526388888888889,1.0288311045151874,1.001755156439881,0.9682349925582449,1.0340970945660375
binance,1.0,PLUMEUSDT,SPCXBUSDT,0.6462847222222222,0.12199074074074075,1.1597953606485887,0.9748217836758426,0.9205204351613016,1.0395685488781055
binance,1.0,PLUMEUSDT,SYRUPUSDT,0.6462847222222222,0.038009259259259257,0.7244910292546377,0.9755977463893569,0.884237148663645,1.0802888607424102
binance,1.0,PLUMEUSDT,TRUMPUSDT,0.6462847222222222,0.03940972222222222,1.020869699175537,1.0107393608473274,0.9515532090796537,1.080080957834821
binance,1.0,PLUMEUSDT,XPLUSDT,0.6462847222222222,0.7874537037037037,2.339604586354871,1.0103031454795743,0.9529068915412765,1.0622958546644319
binance,1.0,PLUMEUSDT,XRPUSDT,0.6462847222222222,0.22747685185185185,1.0153826792936842,0.9628192274873518,0.91517467529335,1.0066765702150504
binance,1.0,PLUMEUSDT,XVSUSDT,0.6462847222222222,0.0328125,0.884411824091947,1.0125565703586423,0.9251932037419852,1.0973274509521216
binance,1.0,SOLUSDT,SPCXBUSDT,0.3526388888888889,0.12199074074074075,1.0057812644367914,0.9765577696644981,0.9426497184622192,1.0142592508827353
binance,1.0,SOLUSDT,SYRUPUSDT,0.3526388888888889,0.038009259259259257,1.1049835746999417,1.0435508650590983,0.975891558664613,1.105286202815964
binance,1.0,SOLUSDT,TRUMPUSDT,0.3526388888888889,0.03940972222222222,1.0831503667337976,1.0836341747584861,1.0175350722204985,1.1499751178574877
binance,1.0,SOLUSDT,XPLUSDT,0.3526388888888889,0.7874537037037037,1.175468209619433,1.034286352958243,1.0009223121271849,1.070243630704848
binance,1.0,SOLUSDT,XRPUSDT,0.3526388888888889,0.22747685185185185,1.223777113060273,1.215654170766822,1.1636472667720075,1.2665090160693502
binance,1.0,SOLUSDT,XVSUSDT,0.3526388888888889,0.0328125,0.9364297155990355,0.9485752176097457,0.8805175683782429,1.0109868496038263
binance,1.0,SPCXBUSDT,SYRUPUSDT,0.12199074074074075,0.038009259259259257,0.9834398453302844,1.0113417472705344,0.894489305746724,1.1385651250730855
binance,1.0,SPCXBUSDT,TRUMPUSDT,0.12199074074074075,0.03940972222222222,1.039112225267275,1.0389402303654955,0.8882450333840548,1.2163703895966556
binance,1.0,SPCXBUSDT,XPLUSDT,0.12199074074074075,0.7874537037037037,1.4149943628468242,1.0461019297487915,0.9395019313564087,1.1613958569861804
binance,1.0,SPCXBUSDT,XRPUSDT,0.12199074074074075,0.22747685185185185,1.0501617240489605,1.0454207581286006,0.989454810945769,1.1004653982246517
binance,1.0,SPCXBUSDT,XVSUSDT,0.12199074074074075,0.0328125,1.1537308471093113,1.1146496557392647,1.0011906918732496,1.2322799753774751
binance,1.0,SYRUPUSDT,TRUMPUSDT,0.038009259259259257,0.03940972222222222,1.097514785424192,1.2045631713046527,1.0226282998652836,1.4052955150797584
binance,1.0,SYRUPUSDT,XPLUSDT,0.038009259259259257,0.7874537037037037,0.7904835039588074,0.8806379704518648,0.7812372067476099,0.9944367215620659
binance,1.0,SYRUPUSDT,XRPUSDT,0.038009259259259257,0.22747685185185185,0.9748788164186186,1.045011846647637,0.9711382762867917,1.133761477534729
binance,1.0,SYRUPUSDT,XVSUSDT,0.038009259259259257,0.0328125,1.235553347333337,1.208852036909954,0.9592732328712469,1.4593654722630425
binance,1.0,TRUMPUSDT,XPLUSDT,0.03940972222222222,0.7874537037037037,1.1592408934518679,1.1170215128118914,1.0084142709957447,1.242671702994193
binance,1.0,TRUMPUSDT,XRPUSDT,0.03940972222222222,0.22747685185185185,1.211354554404547,1.189483209167194,1.0948013645297725,1.300140262181893
binance,1.0,TRUMPUSDT,XVSUSDT,0.03940972222222222,0.0328125,1.297661079524343,1.339706566510456,1.0883055519138076,1.6019219397027225
binance,1.0,XPLUSDT,XRPUSDT,0.7874537037037037,0.22747685185185185,1.1084657081830094,1.03492913291449,0.976957912686952,1.1013562996680282
binance,1.0,XPLUSDT,XVSUSDT,0.7874537037037037,0.0328125,0.830543719986045,1.2236248955984492,1.0890643215714086,1.4297848139164313
binance,1.0,XRPUSDT,XVSUSDT,0.22747685185185185,0.0328125,1.0400344043957293,1.0665449459094387,0.9857313415748841,1.161122762529914
binance,5.0,ALLOUSDT,AMPUSDT,0.9259259259259259,0.08206018518518518,0.463716586942325,0.9348213736702946,0.7920269717650692,1.2976356326729888
binance,5.0,ALLOUSDT,AUSDT,0.9259259259259259,0.033622685185185186,1.6644894279233267,1.0418416099609091,0.7370476070670571,1.7137213142214458
binance,5.0,ALLOUSDT,BICOUSDT,0.9259259259259259,0.6800925925925926,1.3159519158191086,0.9674854584257438,0.8354950181550154,1.1381554476483662
binance,5.0,ALLOUSDT,ETHUSDT,0.9259259259259259,0.9404513888888889,1.103429821912074,1.1999638510663935,0.8878494076566339,1.4709108175053578
binance,5.0,ALLOUSDT,HEMIUSDT,0.9259259259259259,0.6777199074074074,0.5615497411904598,1.0270597913148893,0.7913852899987145,1.3823021340890096
binance,5.0,ALLOUSDT,LINKUSDT,0.9259259259259259,0.7530092592592592,2.1889424126884327,1.0083658085192821,0.9363215110288325,1.101231058358282
binance,5.0,ALLOUSDT,LQTYUSDT,0.9259259259259259,0.03234953703703704,1.1677040483010632,1.2655915191158227,0.878979480638453,2.022638477932606
binance,5.0,ALLOUSDT,PLUMEUSDT,0.9259259259259259,0.9414930555555555,2.9181173646758025,0.9457652718729022,0.7479596463647167,1.1571262702350384
binance,5.0,ALLOUSDT,PYPLBUSDT,0.9259259259259259,0.02326388888888889,1.266291127896556,1.0849858356940507,0.7200015706489584,2.283518883848781
binance,5.0,ALLOUSDT,RSRUSDT,0.9259259259259259,0.06689814814814815,2.3881954458451133,0.9912876974629009,0.7552069852925075,1.4515065797287667
binance,5.0,ALLOUSDT,SMHBUSDT,0.9259259259259259,0.024016203703703703,1.7838948350388457,1.0351120351120353,0.7241711826381275,2.377844955946681
binance,5.0,ALLOUSDT,SOLUSDT,0.9259259259259259,0.8740162037037037,1.5165543546992366,1.220010261672653,1.0016657503096813,1.4704962952436282
binance,5.0,ALLOUSDT,SPCXBUSDT,0.9259259259259259,0.3865162037037037,1.6612035584781653,1.0677873489328877,0.8446968042256986,1.344518048853207
binance,5.0,ALLOUSDT,SYRUPUSDT,0.9259259259259259,0.14884259259259258,0.8303314504955771,1.0531467852024583,0.8980741142244202,1.230521719658545
binance,5.0,ALLOUSDT,TRUMPUSDT,0.9259259259259259,0.1752314814814815,1.1818144673712645,1.1273327347295363,0.9351211500327461,1.3467301289146945
binance,5.0,ALLOUSDT,XPLUSDT,0.9259259259259259,0.9575231481481481,5.752123071450803,0.9752642870066427,0.8120738337283246,1.266553841005072
binance,5.0,ALLOUSDT,XRPUSDT,0.9259259259259259,0.7028935185185186,1.1205207175356429,0.929427862100096,0.8177921536665266,1.0551927667366185
binance,5.0,ALLOUSDT,XVSUSDT,0.9259259259259259,0.1355324074074074,0.9481328090722871,1.2701748292231096,1.0759169132690722,1.449797832817956
binance,5.0,AMPUSDT,AUSDT,0.08206018518518518,0.033622685185185186,0.9605215116754312,0.9458872893004412,0.68007127588658,1.2578396273824788
binance,5.0,AMPUSDT,BICOUSDT,0.08206018518518518,0.6800925925925926,0.9778266508768961,0.9915193567927749,0.8891791648229622,1.136641963658666
binance,5.0,AMPUSDT,ETHUSDT,0.08206018518518518,0.9404513888888889,0.9789888654548515,0.9819996792815908,0.8136602008346879,1.237075288516011
binance,5.0,AMPUSDT,HEMIUSDT,0.08206018518518518,0.6777199074074074,1.1983701118280559,0.9365270549735246,0.7568795350858031,1.1379769035903193
binance,5.0,AMPUSDT,LINKUSDT,0.08206018518518518,0.7530092592592592,0.9725920993449677,1.1282808535418658,1.0019299995825894,1.2870061607727443
binance,5.0,AMPUSDT,LQTYUSDT,0.08206018518518518,0.03234953703703704,1.1529076097158089,1.1502207034031042,0.8777290627782003,1.5451268162247351
binance,5.0,AMPUSDT,PLUMEUSDT,0.08206018518518518,0.9414930555555555,0.7662718926008796,0.9833063016733258,0.8375579976865343,1.2213897872475268
binance,5.0,AMPUSDT,PYPLBUSDT,0.08206018518518518,0.02326388888888889,1.2785050000301752,1.2256894741864683,0.8649889833043378,1.792986057255251
binance,5.0,AMPUSDT,RSRUSDT,0.08206018518518518,0.06689814814814815,0.7065374799853544,0.8510734556222752,0.6333308462977897,1.0651557843606994
binance,5.0,AMPUSDT,SMHBUSDT,0.08206018518518518,0.024016203703703703,1.1648010430006326,1.3053958425475451,0.736507566020856,2.1529871221084025
binance,5.0,AMPUSDT,SOLUSDT,0.08206018518518518,0.8740162037037037,1.0045169139095498,1.0704198634179243,0.8968777057744293,1.283021186856946
binance,5.0,AMPUSDT,SPCXBUSDT,0.08206018518518518,0.3865162037037037,0.8592712223751584,0.909741680610699,0.794198188901088,1.0437358518488669
binance,5.0,AMPUSDT,SYRUPUSDT,0.08206018518518518,0.14884259259259258,0.9575699051605148,1.0067916816925113,0.8169490012302901,1.2509783267273409
binance,5.0,AMPUSDT,TRUMPUSDT,0.08206018518518518,0.1752314814814815,1.0188011922827866,1.0772020386826975,0.9263044673960026,1.2487866249751582
binance,5.0,AMPUSDT,XPLUSDT,0.08206018518518518,0.9575231481481481,0.5353932511941086,0.841829484902309,0.5461252122985052,1.4377426951915182
binance,5.0,AMPUSDT,XRPUSDT,0.08206018518518518,0.7028935185185186,0.9242176766551089,0.9593291140569078,0.8707589619058252,1.0759665758093735
binance,5.0,AMPUSDT,XVSUSDT,0.08206018518518518,0.1355324074074074,1.1540749286476646,0.9984821885743544,0.8663353413893327,1.1164458568083035
binance,5.0,AUSDT,BICOUSDT,0.033622685185185186,0.6800925925925926,0.9437948762841661,0.8651187309802794,0.7177355095289406,1.0828420400221652
binance,5.0,AUSDT,ETHUSDT,0.033622685185185186,0.9404513888888889,0.9285720431069638,0.9651142355008788,0.7613336435709104,1.3372546454191172
binance,5.0,AUSDT,HEMIUSDT,0.033622685185185186,0.6777199074074074,0.7226172732623382,1.143131399317406,0.8482883876724457,1.5437866786942713
binance,5.0,AUSDT,LINKUSDT,0.033622685185185186,0.7530092592592592,1.5998787008219615,1.2145309415500813,1.099264873177765,1.3841323212205945
binance,5.0,AUSDT,LQTYUSDT,0.033622685185185186,0.03234953703703704,0.842569142261119,0.8767392079914378,0.4574337030593012,1.3222110768577446
binance,5.0,AUSDT,PLUMEUSDT,0.033622685185185186,0.9414930555555555,1.769642857142857,1.1245365689248399,0.8050421518507413,1.7591657586940117
binance,5.0,AUSDT,PYPLBUSDT,0.033622685185185186,0.02326388888888889,0.5033652361840074,0.5861182519280206,0.24170312767324748,1.0656258745788028
binance,5.0,AUSDT,RSRUSDT,0.033622685185185186,0.06689814814814815,1.003772625013627,0.8635367990654205,0.5577225632371675,1.3511895247049623
binance,5.0,AUSDT,SMHBUSDT,0.033622685185185186,0.024016203703703703,0.852795597168861,1.1636420525657074,0.5219336618822675,2.0104771890705737
binance,5.0,AUSDT,SOLUSDT,0.033622685185185186,0.8740162037037037,1.1291607464832032,1.0954914147266408,0.849797043035182,1.4052753398647624
binance,5.0,AUSDT,SPCXBUSDT,0.033622685185185186,0.3865162037037037,0.8477655388557179,0.9073250160535731,0.6931867596673708,1.1785160736927285
binance,5.0,AUSDT,SYRUPUSDT,0.033622685185185186,0.14884259259259258,0.7131040837592725,0.8735134597203564,0.6212149804405831,1.2402034013408998
binance,5.0,AUSDT,TRUMPUSDT,0.033622685185185186,0.1752314814814815,1.0521719082099499,1.0573253137298582,0.8351293495318668,1.2780744272765527
binance,5.0,AUSDT,XPLUSDT,0.033622685185185186,0.9575231481481481,2.3450516684117084,1.0984873949579832,0.7387717802786989,2.207068093963723
binance,5.0,AUSDT,XRPUSDT,0.033622685185185186,0.7028935185185186,1.1675955080920402,1.1124177906587893,0.9087561814569448,1.349120682735086
binance,5.0,AUSDT,XVSUSDT,0.033622685185185186,0.1355324074074074,1.0498856119318283,1.0245746691871456,0.77754091992438,1.372740053453242
binance,5.0,BICOUSDT,ETHUSDT,0.6800925925925926,0.9404513888888889,0.8125519758939854,0.8267086034501704,0.7139400470977496,0.9411044701480208
binance,5.0,BICOUSDT,HEMIUSDT,0.6800925925925926,0.6777199074074074,0.7131859385683786,1.030646108775758,0.9267718870361216,1.1480194652299618
binance,5.0,BICOUSDT,LINKUSDT,0.6800925925925926,0.7530092592592592,1.282668815397189,1.0547303924986868,0.9679291173344421,1.142936040283682
binance,5.0,BICOUSDT,LQTYUSDT,0.6800925925925926,0.03234953703703704,1.0789725165785755,1.0381915936117807,0.8623833688320254,1.2972574667294552
binance,5.0,BICOUSDT,PLUMEUSDT,0.6800925925925926,0.9414930555555555,1.0670391061452513,0.9761763973608862,0.8068828711395004,1.20578144173892
binance,5.0,BICOUSDT,PYPLBUSDT,0.6800925925925926,0.02326388888888889,1.055901983165305,1.0618560494554017,0.8297079911043186,1.3634485058216943
binance,5.0,BICOUSDT,RSRUSDT,0.6800925925925926,0.06689814814814815,0.9782135934129371,0.915038731384158,0.8116396780421491,1.0564496980908407
binance,5.0,BICOUSDT,SMHBUSDT,0.6800925925925926,0.024016203703703703,0.9120364706333053,1.0235619054113956,0.7912148483482014,1.3614512699551968
binance,5.0,BICOUSDT,SOLUSDT,0.6800925925925926,0.8740162037037037,0.9965297062229337,0.9791039452093887,0.874523357128383,1.0771029114876136
binance,5.0,BICOUSDT,SPCXBUSDT,0.6800925925925926,0.3865162037037037,1.0455822856454962,1.0504730461659044,0.9817605703298562,1.1299668465836301
binance,5.0,BICOUSDT,SYRUPUSDT,0.6800925925925926,0.14884259259259258,0.7886804113056755,0.928709297370466,0.8445314924640673,1.0181656579167577
binance,5.0,BICOUSDT,TRUMPUSDT,0.6800925925925926,0.1752314814814815,1.0142580784836823,0.9645946644522292,0.8693806090422648,1.0498826444608893
binance,5.0,BICOUSDT,XPLUSDT,0.6800925925925926,0.9575231481481481,1.138115669418438,0.7461931818181817,0.6389392209382546,0.8838103863367769
binance,5.0,BICOUSDT,XRPUSDT,0.6800925925925926,0.7028935185185186,1.1170793707369022,1.0407680432265536,0.9771777998548464,1.1105991935609738
binance,5.0,BICOUSDT,XVSUSDT,0.6800925925925926,0.1355324074074074,1.5607266627184395,1.594328094450293,1.4170024412978337,1.8560339014167597
binance,5.0,ETHUSDT,HEMIUSDT,0.9404513888888889,0.6777199074074074,1.393472002919621,1.153323813132049,0.9249520718608443,1.4858307573740566
binance,5.0,ETHUSDT,LINKUSDT,0.9404513888888889,0.7530092592592592,0.9936025985030363,1.0630020988637185,0.9075906860588663,1.2180505476094325
binance,5.0,ETHUSDT,LQTYUSDT,0.9404513888888889,0.03234953703703704,1.1204490522834245,1.0443738470998156,0.7492268509482892,1.7045930360884414
binance,5.0,ETHUSDT,PLUMEUSDT,0.9404513888888889,0.9414930555555555,0.8487005079284439,0.7661064425770308,0.5529628709217961,1.0302864791082273
binance,5.0,ETHUSDT,PYPLBUSDT,0.9404513888888889,0.02326388888888889,1.2830522866278375,1.3602820596917022,0.8771758562187978,2.25654532840754
binance,5.0,ETHUSDT,RSRUSDT,0.9404513888888889,0.06689814814814815,0.8057461100165585,0.886424895858858,0.7656725852937143,1.0152854121589505
binance,5.0,ETHUSDT,SMHBUSDT,0.9404513888888889,0.024016203703703703,0.946061220333065,0.8845548152634766,0.6849145352867497,1.3097682553759513
binance,5.0,ETHUSDT,SOLUSDT,0.9404513888888889,0.8740162037037037,1.1183499580342873,1.0505564305817348,0.8560608984188106,1.2708753829808594
binance,5.0,ETHUSDT,SPCXBUSDT,0.9404513888888889,0.3865162037037037,0.9773256963749324,0.961259079903148,0.8571643970790237,1.066926415197453
binance,5.0,ETHUSDT,SYRUPUSDT,0.9404513888888889,0.14884259259259258,1.107823998522031,0.9942095340694855,0.8216298863425615,1.1839919837600574
binance,5.0,ETHUSDT,TRUMPUSDT,0.9404513888888889,0.1752314814814815,1.0094591068288816,1.0552639133822743,0.8845354588299476,1.2634780247151098
binance,5.0,ETHUSDT,XPLUSDT,0.9404513888888889,0.9575231481481481,1.084303489002926,1.116229812020122,0.6773410046174239,1.5868085390828082
binance,5.0,ETHUSDT,XRPUSDT,0.9404513888888889,0.7028935185185186,1.0931375237758216,1.114157131511604,0.9886192692185518,1.2528934844564135
binance,5.0,ETHUSDT,XVSUSDT,0.9404513888888889,0.1355324074074074,1.7911945455615432,1.7486512087640542,1.4856602153483227,2.095649544440006
binance,5.0,HEMIUSDT,LINKUSDT,0.6777199074074074,0.7530092592592592,0.48838656977071715,1.052799179217159,0.9409968483407296,1.1865109470829671
binance,5.0,HEMIUSDT,LQTYUSDT,0.6777199074074074,0.03234953703703704,1.2595742750085577,1.1883603127408877,0.941613416207349,1.517298822222583
binance,5.0,HEMIUSDT,PLUMEUSDT,0.6777199074074074,0.9414930555555555,0.9534958441014179,1.1350311208248207,0.8661461330333572,1.438703485943861
binance,5.0,HEMIUSDT,PYPLBUSDT,0.6777199074074074,0.02326388888888889,1.0550904320447787,0.9508972468043265,0.7610523020937539,1.310612428237511
binance,5.0,HEMIUSDT,RSRUSDT,0.6777199074074074,0.06689814814814815,0.5055199132309303,0.8303579204040755,0.697542220337594,1.0168398340462534
binance,5.0,HEMIUSDT,SMHBUSDT,0.6777199074074074,0.024016203703703703,2.384498881375531,1.0886334859257816,0.7305481424804823,1.5108070400061464
binance,5.0,HEMIUSDT,SOLUSDT,0.6777199074074074,0.8740162037037037,1.1886998250904453,1.0087028832781337,0.8897350879849207,1.1499104870384556
binance,5.0,HEMIUSDT,SPCXBUSDT,0.6777199074074074,0.3865162037037037,1.03472751216867,1.0905105521744418,0.9796604638629824,1.2094822935209029
binance,5.0,HEMIUSDT,SYRUPUSDT,0.6777199074074074,0.14884259259259258,2.9616874347621507,1.0452933328994893,0.8883818153190517,1.2800570118173067
binance,5.0,HEMIUSDT,TRUMPUSDT,0.6777199074074074,0.1752314814814815,0.8063080950315848,0.9784396244739398,0.8725238885801748,1.103016490168845
binance,5.0,HEMIUSDT,XPLUSDT,0.6777199074074074,0.9575231481481481,0.2606055676320034,0.9464702828964444,0.6102499045585703,1.5202644304367787
binance,5.0,HEMIUSDT,XRPUSDT,0.6777199074074074,0.7028935185185186,0.8214999258022831,1.0162392631366397,0.9391228770065696,1.1052365695562218
binance,5.0,HEMIUSDT,XVSUSDT,0.6777199074074074,0.1355324074074074,1.2595520345477769,1.404039708893209,1.1852752423055268,1.641441225985787
binance,5.0,LINKUSDT,LQTYUSDT,0.7530092592592592,0.03234953703703704,1.0523149602912414,1.1305555555555555,0.8525173513626417,1.5705149219046612
binance,5.0,LINKUSDT,PLUMEUSDT,0.7530092592592592,0.9414930555555555,1.7491238579494266,1.0543972156875383,0.9091101263492539,1.2333416144884346
binance,5.0,LINKUSDT,PYPLBUSDT,0.7530092592592592,0.02326388888888889,0.9020929376307673,0.9931501456578224,0.7863855910139415,1.3050973995462043
binance,5.0,LINKUSDT,RSRUSDT,0.7530092592592592,0.06689814814814815,1.4519541453088183,1.00642060672834,0.8691360549063584,1.1705115110566775
binance,5.0,LINKUSDT,SMHBUSDT,0.7530092592592592,0.024016203703703703,0.8736831844481734,0.9186227900757689,0.719970474296457,1.2625739333438635
binance,5.0,LINKUSDT,SOLUSDT,0.7530092592592592,0.8740162037037037,1.1861139098090117,1.1452521668796016,1.0364911840732967,1.256777386304027
binance,5.0,LINKUSDT,SPCXBUSDT,0.7530092592592592,0.3865162037037037,1.1593751915436148,1.0293377474531338,0.9478061963471411,1.107620043570431
binance,5.0,LINKUSDT,SYRUPUSDT,0.7530092592592592,0.14884259259259258,0.8291522454418382,1.114826946604049,1.0085824744063085,1.249558417074074
binance,5.0,LINKUSDT,TRUMPUSDT,0.7530092592592592,0.1752314814814815,1.2360600642589268,1.1711638256204708,1.0773842948709307,1.260377217900692
binance,5.0,LINKUSDT,XPLUSDT,0.7530092592592592,0.9575231481481481,2.4520119475114943,0.8968946465993525,0.7204865375290034,1.1549743189512123
binance,5.0,LINKUSDT,XRPUSDT,0.7530092592592592,0.7028935185185186,1.234001929627305,1.1342996099581066,1.0549627921592664,1.2229354759125928
binance,5.0,LINKUSDT,XVSUSDT,0.7530092592592592,0.1355324074074074,1.1869682063820086,1.2930379006472745,1.1248821005979475,1.486567536088276
binance,5.0,LQTYUSDT,PLUMEUSDT,0.03234953703703704,0.9414930555555555,0.8471134179110463,0.8562121075015835,0.6167733015345894,1.3502627427364473
binance,5.0,LQTYUSDT,PYPLBUSDT,0.03234953703703704,0.02326388888888889,1.6740333108919006,1.6930478710608612,1.1087629175215303,2.302497176763952
binance,5.0,LQTYUSDT,RSRUSDT,0.03234953703703704,0.06689814814814815,0.7571043511744321,0.8772385904101675,0.5564048091750119,1.2887014152380012
binance,5.0,LQTYUSDT,SMHBUSDT,0.03234953703703704,0.024016203703703703,0.888292105370598,0.8225840116885826,0.34790713542945684,1.3116770743985828
binance,5.0,LQTYUSDT,SOLUSDT,0.03234953703703704,0.8740162037037037,1.2291414464406547,1.2008936146145581,0.8728976942136334,1.8257582375149533
binance,5.0,LQTYUSDT,SPCXBUSDT,0.03234953703703704,0.3865162037037037,1.0799120831663835,1.0780184710603935,0.9101689348830153,1.2740746438844692
binance,5.0,LQTYUSDT,SYRUPUSDT,0.03234953703703704,0.14884259259259258,1.1619169118348998,1.105656583318762,0.8649663100234564,1.3904891122842287
binance,5.0,LQTYUSDT,TRUMPUSDT,0.03234953703703704,0.1752314814814815,1.0785225718194253,1.1076595267466636,0.8653219669356607,1.4544229890101164
binance,5.0,LQTYUSDT,XPLUSDT,0.03234953703703704,0.9575231481481481,0.8698962481902409,0.9369204649340473,0.6327926310017272,1.6564028966834463
binance,5.0,LQTYUSDT,XRPUSDT,0.03234953703703704,0.7028935185185186,1.2871231242875392,1.3087126374125557,1.0908064356977671,1.5883758515714015
binance,5.0,LQTYUSDT,XVSUSDT,0.03234953703703704,0.1355324074074074,1.9876431585292345,1.861151427189163,1.4906472731208895,2.3275581697275722
binance,5.0,PLUMEUSDT,PYPLBUSDT,0.9414930555555555,0.02326388888888889,0.7119748097364614,0.6344827586206897,0.48366257121742884,0.911162916948947
binance,5.0,PLUMEUSDT,RSRUSDT,0.9414930555555555,0.06689814814814815,1.4662126508805489,0.8455260642599809,0.5726648025670935,1.2301869576863058
binance,5.0,PLUMEUSDT,SMHBUSDT,0.9414930555555555,0.024016203703703703,0.6669124191938718,0.736359102244389,0.5027934918508289,1.1948280295724847
binance,5.0,PLUMEUSDT,SOLUSDT,0.9414930555555555,0.8740162037037037,1.1832480938516576,0.9924961552739037,0.7941948106026612,1.1938819126842295
binance,5.0,PLUMEUSDT,SPCXBUSDT,0.9414930555555555,0.3865162037037037,1.5134622800416686,1.075845858438721,0.9377648020402531,1.2439958644007811
binance,5.0,PLUMEUSDT,SYRUPUSDT,0.9414930555555555,0.14884259259259258,0.6783683594995924,0.8325062298992566,0.7145477940539332,1.0416690665962252
binance,5.0,PLUMEUSDT,TRUMPUSDT,0.9414930555555555,0.1752314814814815,1.1034324651340508,1.158344579397211,0.9741969210937667,1.3772325977054543
binance,5.0,PLUMEUSDT,XPLUSDT,0.9414930555555555,0.9575231481481481,3.1340002646742184,1.0568024721476783,0.8363593694611318,1.2468120332266224
binance,5.0,PLUMEUSDT,XRPUSDT,0.9414930555555555,0.7028935185185186,0.9731944016319914,0.9494988494386188,0.8393534103962002,1.0758081729911109
binance,5.0,PLUMEUSDT,XVSUSDT,0.9414930555555555,0.1355324074074074,1.107575742173337,1.1314086453882886,0.9455347482064604,1.5092304768378626
binance,5.0,PYPLBUSDT,RSRUSDT,0.02326388888888889,0.06689814814814815,0.9232809630687615,0.9402044698050405,0.5791260155334483,1.448752606367708
binance,5.0,PYPLBUSDT,SMHBUSDT,0.02326388888888889,0.024016203703703703,2.18477036251574,2.0306912991656736,1.0663339607205298,3.767544539678573
binance,5.0,PYPLBUSDT,SOLUSDT,0.02326388888888889,0.8740162037037037,1.4324067587739728,1.501633393829401,1.075832199322744,2.122869738949112
binance,5.0,PYPLBUSDT,SPCXBUSDT,0.02326388888888889,0.3865162037037037,1.131215693449736,1.0565274580730026,0.9066151813426414,1.2354097705624987
binance,5.0,PYPLBUSDT,SYRUPUSDT,0.02326388888888889,0.14884259259259258,0.904346123592997,0.9251101321585903,0.7078029691718134,1.1693813394923187
binance,5.0,PYPLBUSDT,TRUMPUSDT,0.02326388888888889,0.1752314814814815,0.9746931791541457,1.0108566406451946,0.6682236643669442,1.3804492619806452
binance,5.0,PYPLBUSDT,XPLUSDT,0.02326388888888889,0.9575231481481481,0.8436896807720862,0.9099247844432214,0.5941159765372863,1.722221652082836
binance,5.0,PYPLBUSDT,XRPUSDT,0.02326388888888889,0.7028935185185186,1.0431674129208584,1.066015372458875,0.8398036027363324,1.3924219908134416
binance,5.0,PYPLBUSDT,XVSUSDT,0.02326388888888889,0.1355324074074074,1.1221304795731661,1.125337689263052,0.8645145200635694,1.4897854756271667
binance,5.0,RSRUSDT,SMHBUSDT,0.06689814814814815,0.024016203703703703,0.9699122478609845,1.096211096075778,0.7250306883249708,1.4822753575059837
binance,5.0,RSRUSDT,SOLUSDT,0.06689814814814815,0.8740162037037037,0.8900421776423052,0.9345346972878982,0.7786159825280893,1.1242609786219797
binance,5.0,RSRUSDT,SPCXBUSDT,0.06689814814814815,0.3865162037037037,1.0526464135676172,0.8927004112767962,0.7667921718615313,1.0083089153097036
binance,5.0,RSRUSDT,SYRUPUSDT,0.06689814814814815,0.14884259259259258,0.7034182675617516,1.0325505624884737,0.8019182222621671,1.382623325073136
binance,5.0,RSRUSDT,TRUMPUSDT,0.06689814814814815,0.1752314814814815,0.8417099317158039,0.7654918765711202,0.6602722673134198,0.8826445105595186
binance,5.0,RSRUSDT,XPLUSDT,0.06689814814814815,0.9575231481481481,4.468943427260529,1.098820887142055,0.614118088231355,2.1819850914902994
binance,5.0,RSRUSDT,XRPUSDT,0.06689814814814815,0.7028935185185186,0.9887880852244219,0.9379293519433993,0.8243261291792642,1.0764780830617766
binance,5.0,RSRUSDT,XVSUSDT,0.06689814814814815,0.1355324074074074,0.8561679247233999,0.8974256211985479,0.6432145286913521,1.1638791372588442
binance,5.0,SMHBUSDT,SOLUSDT,0.024016203703703703,0.8740162037037037,1.0295002321438786,0.8988138147978243,0.7188893575056906,1.187305901766289
binance,5.0,SMHBUSDT,SPCXBUSDT,0.024016203703703703,0.3865162037037037,1.092749740861464,1.0959167440010606,0.8748937410889183,1.4436514189914047
binance,5.0,SMHBUSDT,SYRUPUSDT,0.024016203703703703,0.14884259259259258,1.9248787529467968,1.1059423363263097,0.9199278547086509,1.3555738582965016
binance,5.0,SMHBUSDT,TRUMPUSDT,0.024016203703703703,0.1752314814814815,0.8390502836118351,0.8872493191384005,0.6689031927388097,1.0960424178067454
binance,5.0,SMHBUSDT,XPLUSDT,0.024016203703703703,0.9575231481481481,2.026366515214099,1.1985413290113451,0.4580093557156712,2.7518693276045356
binance,5.0,SMHBUSDT,XRPUSDT,0.024016203703703703,0.7028935185185186,0.8937646712871187,0.9728814662890257,0.8222172635459908,1.175448776369829
binance,5.0,SMHBUSDT,XVSUSDT,0.024016203703703703,0.1355324074074074,0.6370169282346007,0.6933062630737049,0.4315389449029766,1.0209863064640274
binance,5.0,SOLUSDT,SPCXBUSDT,0.8740162037037037,0.3865162037037037,1.0465475955992936,1.0488214076000335,0.9716715681956251,1.1331281831304856
binance,5.0,SOLUSDT,SYRUPUSDT,0.8740162037037037,0.14884259259259258,1.0654618959763684,0.9449990804718494,0.8419469466198922,1.0793032271858145
binance,5.0,SOLUSDT,TRUMPUSDT,0.8740162037037037,0.1752314814814815,0.8974848405448462,0.8992406905598592,0.8119487469213293,1.0207078291983702
binance,5.0,SOLUSDT,XPLUSDT,0.8740162037037037,0.9575231481481481,1.2487433164636033,0.9310259840856279,0.729207583363961,1.165494266933056
binance,5.0,SOLUSDT,XRPUSDT,0.8740162037037037,0.7028935185185186,1.1211332650728842,1.1034895225718802,1.0117713877568264,1.2010479265123195
binance,5.0,SOLUSDT,XVSUSDT,0.8740162037037037,0.1355324074074074,1.061328513487575,1.0613463041310733,0.9023223851856577,1.258715362156426
binance,5.0,SPCXBUSDT,SYRUPUSDT,0.3865162037037037,0.14884259259259258,0.9019190530970294,1.0357431145264924,0.9299548952426336,1.1512966164631622
binance,5.0,SPCXBUSDT,TRUMPUSDT,0.3865162037037037,0.1752314814814815,1.0112476166517514,1.0285170903999081,0.9357145592378688,1.1296383517954598
binance,5.0,SPCXBUSDT,XPLUSDT,0.3865162037037037,0.9575231481481481,1.743122230752633,1.1845957823023114,0.9898636738278885,1.4156681855146114
binance,5.0,SPCXBUSDT,XRPUSDT,0.3865162037037037,0.7028935185185186,0.9911313036029357,0.9932244614315497,0.926968407592703,1.06594712022541
binance,5.0,SPCXBUSDT,XVSUSDT,0.3865162037037037,0.1355324074074074,1.1569981019981521,1.124246589118702,1.0193029255222943,1.2383680740964653
binance,5.0,SYRUPUSDT,TRUMPUSDT,0.14884259259259258,0.1752314814814815,0.9634038994722706,1.0582303020303787,0.9513694755162491,1.168995228439604
binance,5.0,SYRUPUSDT,XPLUSDT,0.14884259259259258,0.9575231481481481,0.5634182858663828,0.8289678529484062,0.6983902586728549,1.0268977815741631
binance,5.0,SYRUPUSDT,XRPUSDT,0.14884259259259258,0.7028935185185186,0.9393759736461278,1.0174279048188963,0.9334649665714562,1.1077575330775895
binance,5.0,SYRUPUSDT,XVSUSDT,0.14884259259259258,0.1355324074074074,1.2983397096426044,1.4273743401739323,1.2050603713474355,1.7039684584054928
binance,5.0,TRUMPUSDT,XPLUSDT,0.1752314814814815,0.9575231481481481,1.3796739518264083,1.2294998730642297,0.983095827577481,1.6178036282321986
binance,5.0,TRUMPUSDT,XRPUSDT,0.1752314814814815,0.7028935185185186,1.1480260337569577,1.1155209653941869,1.004814670262988,1.2435904732609568
binance,5.0,TRUMPUSDT,XVSUSDT,0.1752314814814815,0.1355324074074074,1.1366525148160187,1.1559753056134756,1.0153544482456787,1.3049560334410886
binance,5.0,XPLUSDT,XRPUSDT,0.9575231481481481,0.7028935185185186,1.330061437199076,1.095584807653888,0.9429635655036487,1.2663114952607657
binance,5.0,XPLUSDT,XVSUSDT,0.9575231481481481,0.1355324074074074,0.8747285182493006,1.0139290812979895,0.8270050034482507,1.3051639649229898
binance,5.0,XRPUSDT,XVSUSDT,0.7028935185185186,0.1355324074074074,1.1303085269834063,1.1548792205760763,1.0503185894825682,1.3026470117466789
binance,30.0,AMPUSDT,AUSDT,0.3416666666666667,0.14618055555555556,1.0524738419475261,1.0335570469798658,0.7932549821929226,1.287737044419134
binance,30.0,AMPUSDT,HEMIUSDT,0.3416666666666667,0.859375,1.1749271137026238,1.058298319327731,0.728924045039153,1.53924034179805
binance,30.0,AMPUSDT,LQTYUSDT,0.3416666666666667,0.16909722222222223,0.8708781070226853,0.875970460140125,0.7272695234400564,1.0697616907973433
binance,30.0,AMPUSDT,PYPLBUSDT,0.3416666666666667,0.12361111111111112,1.2385858226455986,1.2153801676785199,0.9827555267573539,1.4816923771070316
binance,30.0,AMPUSDT,RSRUSDT,0.3416666666666667,0.3121527777777778,0.7906585656938266,0.8816870832687238,0.7507141657123656,1.0472067476261178
binance,30.0,AMPUSDT,SMHBUSDT,0.3416666666666667,0.13194444444444445,0.8618032024450203,0.9533353275501046,0.7587390432867129,1.1960673373774573
binance,30.0,AMPUSDT,SPCXBUSDT,0.3416666666666667,0.8322916666666667,0.9063946287725703,0.8971668415529906,0.702360364283723,1.1058723280335763
binance,30.0,AMPUSDT,SYRUPUSDT,0.3416666666666667,0.5340277777777778,0.919813658439885,0.9332566168009206,0.7459410536911999,1.17544163115326
binance,30.0,AMPUSDT,TRUMPUSDT,0.3416666666666667,0.6979166666666666,1.0166283888682175,1.0685517241379312,0.8997158560064711,1.270698686733217
binance,30.0,AMPUSDT,XVSUSDT,0.3416666666666667,0.6496527777777777,1.1522463834602563,1.0141654416677803,0.8481606374274737,1.183635030579843
binance,30.0,AUSDT,HEMIUSDT,0.14618055555555556,0.859375,0.512523100500323,1.0935720097640358,0.8120287176790796,1.6124279059449864
binance,30.0,AUSDT,LQTYUSDT,0.14618055555555556,0.16909722222222223,0.9188391175679311,0.9786490683229813,0.6801038127390284,1.3313327525805316
binance,30.0,AUSDT,PYPLBUSDT,0.14618055555555556,0.12361111111111112,0.9734514842711564,1.1423570595099184,0.7922063598391423,1.6668888888888889
binance,30.0,AUSDT,RSRUSDT,0.14618055555555556,0.3121527777777778,2.2011663105413106,1.895107632093933,1.0073259958122214,3.052551747114016
binance,30.0,AUSDT,SMHBUSDT,0.14618055555555556,0.13194444444444445,0.5749018423437028,0.8015028177833439,0.5124424206903525,1.1540630473064146
binance,30.0,AUSDT,SPCXBUSDT,0.14618055555555556,0.8322916666666667,0.8354997568093385,0.9170237631476432,0.670125557783128,1.3726761391694577
binance,30.0,AUSDT,SYRUPUSDT,0.14618055555555556,0.5340277777777778,0.6335969685071269,0.9608273268567845,0.7108350237679176,1.290121231339643
binance,30.0,AUSDT,TRUMPUSDT,0.14618055555555556,0.6979166666666666,1.1007899356348743,1.0297860817763336,0.7828506372814807,1.3959338305678253
binance,30.0,AUSDT,XVSUSDT,0.14618055555555556,0.6496527777777777,0.6654445432018962,0.6388728044779,0.3440486154116396,1.1269043808346901
binance,30.0,HEMIUSDT,LQTYUSDT,0.859375,0.16909722222222223,1.1724551760554929,0.9476896251089801,0.47853413462556443,1.766176875275187
binance,30.0,HEMIUSDT,PYPLBUSDT,0.859375,0.12361111111111112,1.2187896650388315,0.6519396551724138,0.383938026255126,1.0820551345132197
binance,30.0,HEMIUSDT,RSRUSDT,0.859375,0.3121527777777778,0.384707534699273,0.9338235294117647,0.719109267927068,1.2520458007734192
binance,30.0,HEMIUSDT,SMHBUSDT,0.859375,0.13194444444444445,2.944003091853824,0.8017429193899782,0.40280545853023775,1.3153765059028972
binance,30.0,HEMIUSDT,SPCXBUSDT,0.859375,0.8322916666666667,1.3615346778160353,1.394273127753304,0.9177148968801266,2.3736863805269093
binance,30.0,HEMIUSDT,SYRUPUSDT,0.859375,0.5340277777777778,5.628282151320041,1.1536731634182908,0.8859241528153885,1.525024218721969
binance,30.0,HEMIUSDT,TRUMPUSDT,0.859375,0.6979166666666666,0.6208791208791209,0.8250283125707812,0.6201370244342237,1.1185656833677984
binance,30.0,HEMIUSDT,XVSUSDT,0.859375,0.6496527777777777,0.988806556346879,0.9520766773162939,0.7125160506117267,1.3451347708894872
binance,30.0,LQTYUSDT,PYPLBUSDT,0.16909722222222223,0.12361111111111112,1.2623819163292846,1.2640105078809107,0.9752349826073413,1.7237885163229072
binance,30.0,LQTYUSDT,RSRUSDT,0.16909722222222223,0.3121527777777778,0.7690150182309595,0.8723352119578535,0.63971261157276,1.1187456432992458
binance,30.0,LQTYUSDT,SMHBUSDT,0.16909722222222223,0.13194444444444445,1.105078539669841,1.0107286544479215,0.7168042200482561,1.3835270091636995
binance,30.0,LQTYUSDT,SPCXBUSDT,0.16909722222222223,0.8322916666666667,1.087980967195864,1.1598700830025261,0.9180384950791081,1.5586682013730855
binance,30.0,LQTYUSDT,SYRUPUSDT,0.16909722222222223,0.5340277777777778,1.039823725281765,0.8996110841030627,0.7247991375752486,1.1193145177810553
binance,30.0,LQTYUSDT,TRUMPUSDT,0.16909722222222223,0.6979166666666666,0.8819644726240409,0.8840250142126208,0.7516914427878191,1.0773946700264592
binance,30.0,LQTYUSDT,XVSUSDT,0.16909722222222223,0.6496527777777777,1.5558037499000559,1.485880179466878,1.2017409821023892,1.8477616456389323
binance,30.0,PYPLBUSDT,RSRUSDT,0.12361111111111112,0.3121527777777778,1.0746913580246913,1.1731663685152056,0.8508168787728927,1.617604732018752
binance,30.0,PYPLBUSDT,SMHBUSDT,0.12361111111111112,0.13194444444444445,1.4969800066752081,1.4944237918215613,1.1070179841491403,2.0063218133434373
binance,30.0,PYPLBUSDT,SPCXBUSDT,0.12361111111111112,0.8322916666666667,1.0908440629470673,1.0775156475686085,0.7475217096623884,1.4877422770590671
binance,30.0,PYPLBUSDT,SYRUPUSDT,0.12361111111111112,0.5340277777777778,1.011482306359812,1.1509364671318398,0.857508571230159,1.5091156961518237
binance,30.0,PYPLBUSDT,TRUMPUSDT,0.12361111111111112,0.6979166666666666,0.7850067128705686,0.8271921641791045,0.5945142685483163,1.1868032806062951
binance,30.0,PYPLBUSDT,XVSUSDT,0.12361111111111112,0.6496527777777777,1.2372251748251748,1.280794291033199,1.0103541627671,1.662646638384211
binance,30.0,RSRUSDT,SMHBUSDT,0.3121527777777778,0.13194444444444445,0.8327519076591711,0.9815590947191953,0.7346252163028641,1.2891666432833857
binance,30.0,RSRUSDT,SPCXBUSDT,0.3121527777777778,0.8322916666666667,1.0327452300417064,0.7347781217750258,0.5292592571779235,0.9980608719136576
binance,30.0,RSRUSDT,SYRUPUSDT,0.3121527777777778,0.5340277777777778,0.6381987577639752,1.5679766330323952,1.2250171331795876,2.063054920178114
binance,30.0,RSRUSDT,TRUMPUSDT,0.3121527777777778,0.6979166666666666,1.1826010286554005,1.0681899321670831,0.8323256544917329,1.361628901572226
binance,30.0,RSRUSDT,XVSUSDT,0.3121527777777778,0.6496527777777777,0.43216189272310257,0.32216685123661865,0.19040239521800906,0.5334510368864853
binance,30.0,SMHBUSDT,SPCXBUSDT,0.13194444444444445,0.8322916666666667,0.8763775754671778,1.013608634443923,0.7335422956212461,1.4182260229539636
binance,30.0,SMHBUSDT,SYRUPUSDT,0.13194444444444445,0.5340277777777778,2.419520213174225,1.12274678111588,0.8248121942356309,1.5643440417138241
binance,30.0,SMHBUSDT,TRUMPUSDT,0.13194444444444445,0.6979166666666666,0.9970100909430671,1.1028999064546303,0.8914271492732097,1.3624546593145623
binance,30.0,SMHBUSDT,XVSUSDT,0.13194444444444445,0.6496527777777777,1.100813774283162,1.3550127804600964,0.6393167755401362,3.4766973096731575
binance,30.0,SPCXBUSDT,SYRUPUSDT,0.8322916666666667,0.5340277777777778,0.7609311740890689,1.0274579273693536,0.8094451080667439,1.331667028985507
binance,30.0,SPCXBUSDT,TRUMPUSDT,0.8322916666666667,0.6979166666666666,1.012966804979253,1.0424052052950417,0.8248415002088809,1.3547660316403152
binance,30.0,SPCXBUSDT,XVSUSDT,0.8322916666666667,0.6496527777777777,1.3167357698607698,1.3883100381194409,1.0678367886435818,1.8137904363873207
binance,30.0,SYRUPUSDT,TRUMPUSDT,0.5340277777777778,0.6979166666666666,0.8792748711919499,0.9972337482710928,0.8532300747637185,1.1981914673211123
binance,30.0,SYRUPUSDT,XVSUSDT,0.5340277777777778,0.6496527777777777,0.8256144236560393,0.7954868234180211,0.6082556464076517,1.0957898597880458
binance,30.0,TRUMPUSDT,XVSUSDT,0.6979166666666666,0.6496527777777777,1.1235067988308554,1.14006968641115,0.9113350712959674,1.4981059443263522
hose,5.0,BID,CTG,0.38813349814585907,0.3936959208899876,1.892008031374904,1.8262099703168297,1.3219734499916327,2.443375757015804
hose,5.0,BID,DCM,0.38813349814585907,0.1526576019777503,1.0861162646876932,1.0790631527487666,0.8413835664265452,1.3516430329396871
hose,5.0,BID,DIG,0.38813349814585907,0.26637824474660077,0.9570902750871755,1.0036736095713832,0.7762138583526044,1.345260538192356
hose,5.0,BID,DXG,0.38813349814585907,0.42336217552533995,1.0903954802259888,1.1715460166397063,0.926088941226227,1.5272898360007594
hose,5.0,BID,FPT,0.38813349814585907,0.5482076637824475,1.5736929460580913,1.311785410292392,1.0925524740650254,1.5378615012440764
hose,5.0,BID,GAS,0.38813349814585907,0.2107540173053152,1.2539597488051095,1.3265432172797158,1.0677138370794736,1.659949548222744
hose,5.0,BID,GEX,0.38813349814585907,0.4925834363411619,1.3066796684544124,1.1776038424537378,1.0033341917466425,1.4175128071855179
hose,5.0,BID,HHV,0.38813349814585907,0.12299134734239803,1.744413894590094,1.5124449250623364,1.0077987848280665,2.4237956679458623
hose,5.0,BID,HPG,0.38813349814585907,0.6631644004944376,1.3519929110645332,1.225824080998677,1.02330995570757,1.5038843491525826
hose,5.0,BID,HSG,0.38813349814585907,0.1273176761433869,1.150369003690037,0.9701553821883168,0.651826459332283,1.4328716953324279
hose,5.0,BID,KDH,0.38813349814585907,0.20395550061804696,1.1891026670521099,1.2053620799519718,0.9216757495118693,1.6619720206392088
hose,5.0,BID,MBB,0.38813349814585907,0.5587144622991347,1.4533967261239988,1.4547218372599484,1.2286350784129962,1.714250034860362
hose,5.0,BID,MSN,0.38813349814585907,0.37824474660074164,1.5600342172797264,1.4733410352737792,1.2732249988473754,1.7711308723639694
hose,5.0,BID,MWG,0.38813349814585907,0.25092707045735474,1.3042051143020363,1.2108625754023776,1.050418925508356,1.4199210425312667
hose,5.0,BID,NLG,0.38813349814585907,0.20395550061804696,0.8918301671338109,1.0064755742347733,0.7686638071424274,1.2518634862256415
hose,5.0,BID,POW,0.38813349814585907,0.19592088998763907,1.1580209241499564,1.1042346848513118,0.8949237892446388,1.3784170335796908
hose,5.0,BID,PVD,0.38813349814585907,0.16625463535228677,0.9377202493900786,0.8469323688348207,0.7040975171787753,1.0375163600443906
hose,5.0,BID,REE,0.38813349814585907,0.08899876390605686,1.2513274336283187,1.1995712973359192,0.8328376052551574,1.6413241043324842
hose,5.0,BID,SBT,0.38813349814585907,0.12299134734239803,1.1205973513665821,1.135868120180803,0.7673011569110058,1.574584678486849
hose,5.0,BID,SHB,0.38813349814585907,0.6180469715698393,1.6002126528442318,1.3647775767447254,1.056011230707028,1.7187138015356245
hose,5.0,BID,SSI,0.38813349814585907,0.7360939431396786,1.5277087976228378,1.2990244760308693,1.0490269560372079,1.7118841734498382
hose,5.0,BID,STB,0.38813349814585907,0.28986402966625463,1.6246136165491005,1.701673381163553,1.3998383527583294,2.1275826727138654
hose,5.0,BID,TCB,0.38813349814585907,0.711372064276885,1.280796611696855,1.3524955477840424,1.0878459782581282,1.691568180832476
hose,5.0,BID,TCH,0.38813349814585907,0.22867737948084055,1.3259467040673212,1.270323880206865,1.1089770168827975,1.5160822913564418
hose,5.0,BID,VCB,0.38813349814585907,0.4276885043263288,1.487014449843916,1.409991360276471,1.08703730190033,1.8318597009562678
hose,5.0,BID,VIX,0.38813349814585907,0.7027194066749073,1.6884868765031893,1.3978037496956413,1.0738569156048452,1.7351413119819499
hose,5.0,BID,VND,0.38813349814585907,0.4252163164400494,1.2231823339443135,1.1822778781639143,0.98568017023299,1.4282155099957154
hose,5.0,BID,VNM,0.38813349814585907,0.5006180469715699,1.2267478419939404,1.3710024056491952,1.1362674916094826,1.6326629367633894
hose,5.0,BID,VPB,0.38813349814585907,0.4431396786155748,1.5850914205344586,1.6266437600746584,1.3191121804492394,2.0169739747717337
hose,5.0,CTG,DCM,0.3936959208899876,0.1526576019777503,0.7622893531101965,0.788472460365969,0.5861924164139868,1.0314405311169628
hose,5.0,CTG,DIG,0.3936959208899876,0.26637824474660077,0.9396505033770868,1.046500637351393,0.8410941509872253,1.2698374498886695
hose,5.0,CTG,DXG,0.3936959208899876,0.42336217552533995,1.1636630802596908,1.0773860363491907,0.8373941919440613,1.3468134928502316
hose,5.0,CTG,FPT,0.3936959208899876,0.5482076637824475,1.2836855913217782,1.2410051071937653,0.9728526618305178,1.5780501066889894
hose,5.0,CTG,GAS,0.3936959208899876,0.2107540173053152,1.2934914446610353,1.2709804610704127,1.0157949225334346,1.633664426723804
hose,5.0,CTG,GEX,0.3936959208899876,0.4925834363411619,0.9616386916087385,0.9173116408928231,0.8264240375325902,1.0348494602749396
hose,5.0,CTG,HHV,0.3936959208899876,0.12299134734239803,0.815389032443296,0.8070655812334305,0.5954609389217903,1.0799628064738478
hose,5.0,CTG,HPG,0.3936959208899876,0.6631644004944376,1.1177656862372056,1.122537911153049,0.9204165395287413,1.3818119738359123
hose,5.0,CTG,HSG,0.3936959208899876,0.1273176761433869,0.9520221262664748,0.9370072228042122,0.7941684989091734,1.1037829457026078
hose,5.0,CTG,KDH,0.3936959208899876,0.20395550061804696,1.0336633663366337,1.0241162343900096,0.8273311632211227,1.2827804550194652
hose,5.0,CTG,MBB,0.3936959208899876,0.5587144622991347,1.6147016207837719,1.6742598222251592,1.4318527041119937,1.9971316002599293
hose,5.0,CTG,MSN,0.3936959208899876,0.37824474660074164,1.1796278274204488,1.19858077153507,0.9783651806560517,1.424599134279765
hose,5.0,CTG,MWG,0.3936959208899876,0.25092707045735474,1.6761652356754861,1.6571236159183098,1.3727989068550237,2.0430334995952997
hose,5.0,CTG,NLG,0.3936959208899876,0.20395550061804696,0.9543707138027625,1.0199704860099803,0.7173404911526731,1.3144167307395984
hose,5.0,CTG,POW,0.3936959208899876,0.19592088998763907,1.3861906787672529,1.35753546298586,1.129875125075247,1.7517145978777648
hose,5.0,CTG,PVD,0.3936959208899876,0.16625463535228677,1.3198329143096585,1.2829390636611344,0.9855520076338123,1.6081280941764555
hose,5.0,CTG,REE,0.3936959208899876,0.08899876390605686,1.0424950797284813,1.0616828180279956,0.7132833443368428,1.5144396627452517
hose,5.0,CTG,SBT,0.3936959208899876,0.12299134734239803,1.04038742965768,1.0784842138538744,0.8243018052722483,1.4435649674574733
hose,5.0,CTG,SHB,0.3936959208899876,0.6180469715698393,1.5497976968565204,1.5999529835125836,1.1195296653691131,2.1798452291602444
hose,5.0,CTG,SSI,0.3936959208899876,0.7360939431396786,1.4475840604112455,1.4700558505283015,1.1551235632181145,1.883200248931245
hose,5.0,CTG,STB,0.3936959208899876,0.28986402966625463,2.192418197257151,2.280878468581512,1.7749509047689023,2.8729747766388534
hose,5.0,CTG,TCB,0.3936959208899876,0.711372064276885,1.4695835601524225,1.4875389190623123,1.198487028862886,1.7925427503489557
hose,5.0,CTG,TCH,0.3936959208899876,0.22867737948084055,1.3617650141494602,1.2858946714066475,0.9928477378226855,1.6834415806915632
hose,5.0,CTG,VCB,0.3936959208899876,0.4276885043263288,1.7427338782924613,1.754031160630917,1.4861650646827314,2.0468283839620716
hose,5.0,CTG,VIX,0.3936959208899876,0.7027194066749073,1.653302564102564,1.628720544367031,1.261489737335885,2.108942480657677
hose,5.0,CTG,VND,0.3936959208899876,0.4252163164400494,1.2371980605990012,1.232122835110049,0.9895792887918313,1.5326137301553002
hose,5.0,CTG,VNM,0.3936959208899876,0.5006180469715699,1.169467787114846,1.25428455442399,1.018063297472961,1.539648635508643
hose,5.0,CTG,VPB,0.3936959208899876,0.4431396786155748,2.0402738087326378,2.023191544305862,1.4513472961721854,2.773095974873316
hose,5.0,DCM,DIG,0.1526576019777503,0.26637824474660077,1.0050102172103232,0.9015864929772216,0.7215895447510441,1.071385236992012
hose,5.0,DCM,DXG,0.1526576019777503,0.42336217552533995,0.7946538259038259,0.8656679200215235,0.5959908462633674,1.1659224800980228
hose,5.0,DCM,FPT,0.1526576019777503,0.5482076637824475,0.9186850027367269,0.8793060054276456,0.7027583464176824,1.1172120705358515
hose,5.0,DCM,GAS,0.1526576019777503,0.2107540173053152,0.9983852364475202,1.0577106366755622,0.7115855419413664,1.426273576949435
hose,5.0,DCM,GEX,0.1526576019777503,0.4925834363411619,1.150499847762103,1.217864642222581,1.0501103430442056,1.4176356237998038
hose,5.0,DCM,HHV,0.1526576019777503,0.12299134734239803,1.0730538922155688,0.9881559277856568,0.7114345859739951,1.3640270861442683
hose,5.0,DCM,HPG,0.1526576019777503,0.6631644004944376,1.2802369463004206,1.2116178253013394,0.9596583413842601,1.5490737213660495
hose,5.0,DCM,HSG,0.1526576019777503,0.1273176761433869,1.6175880313811348,1.474130828802109,0.9871180483032087,1.9947111102708877
hose,5.0,DCM,KDH,0.1526576019777503,0.20395550061804696,1.0789757713349957,1.059416756241862,0.7868028696711532,1.4664554709823683
hose,5.0,DCM,MBB,0.1526576019777503,0.5587144622991347,0.9435955786736021,0.9305176886597597,0.7389947574195523,1.1911822945324586
hose,5.0,DCM,MSN,0.1526576019777503,0.37824474660074164,1.164249524166957,1.1147941206080743,0.9263236256275391,1.3024749547948369
hose,5.0,DCM,MWG,0.1526576019777503,0.25092707045735474,0.9753155680224403,0.9642954604122879,0.6987464956252155,1.264273844833524
hose,5.0,DCM,NLG,0.1526576019777503,0.20395550061804696,0.8759372153317917,0.8839053528669636,0.6610199442570035,1.1766185356203063
hose,5.0,DCM,POW,0.1526576019777503,0.19592088998763907,1.0185248002412182,1.0053141408654716,0.6835052066929581,1.3598626697255507
hose,5.0,DCM,PVD,0.1526576019777503,0.16625463535228677,1.1039737274220034,1.0649976468662397,0.8370831478976372,1.4223168585121921
hose,5.0,DCM,REE,0.1526576019777503,0.08899876390605686,1.5243754547659472,1.435727667933863,1.0002561181192908,2.021070310863994
hose,5.0,DCM,SBT,0.1526576019777503,0.12299134734239803,1.8846381578947369,1.79914762872293,1.2675420764034346,2.311733884960868
hose,5.0,DCM,SHB,0.1526576019777503,0.6180469715698393,1.006958225526891,0.9266747506743547,0.7320112868978879,1.191220446264454
hose,5.0,DCM,SSI,0.1526576019777503,0.7360939431396786,1.2000309725376832,1.0718616985338827,0.7811078502396359,1.5471871517223412
hose,5.0,DCM,STB,0.1526576019777503,0.28986402966625463,1.2914665739921647,1.287456890088469,0.9771666110959241,1.6211678191203802
hose,5.0,DCM,TCB,0.1526576019777503,0.711372064276885,1.0552154549652204,1.082004828367716,0.8232035696868772,1.4248699689685747
hose,5.0,DCM,TCH,0.1526576019777503,0.22867737948084055,1.069644933980981,1.1124368428239793,0.8352499978555524,1.5161565330888367
hose,5.0,DCM,VCB,0.1526576019777503,0.4276885043263288,1.2221692111959288,1.1785331035878317,0.895722866137955,1.6054900939853902
hose,5.0,DCM,VIX,0.1526576019777503,0.7027194066749073,1.45400480139677,1.4781270464963985,1.168960910027433,2.0145671362188597
hose,5.0,DCM,VND,0.1526576019777503,0.4252163164400494,1.213311121688085,1.2121700834289613,0.9974869644731034,1.5513172705849894
hose,5.0,DCM,VNM,0.1526576019777503,0.5006180469715699,0.9876038878715312,0.9474511911978315,0.7569966656232064,1.20277228674395
hose,5.0,DCM,VPB,0.1526576019777503,0.4431396786155748,0.917046396023198,0.9475313190862197,0.7330595440382583,1.2363408535580245
hose,5.0,DIG,DXG,0.26637824474660077,0.42336217552533995,0.8725116093537146,1.3395198024482626,1.0234248735467828,1.7922406605674244
hose,5.0,DIG,FPT,0.26637824474660077,0.5482076637824475,0.9713543893470977,1.0395437937683953,0.8355982352301999,1.2918765458814683
hose,5.0,DIG,GAS,0.26637824474660077,0.2107540173053152,0.8418537243752143,1.0517509619525203,0.7236702824173915,1.5740507584560586
hose,5.0,DIG,GEX,0.26637824474660077,0.4925834363411619,0.9233013724384282,0.9281089256315526,0.7424203575015007,1.1632308191980563
hose,5.0,DIG,HHV,0.26637824474660077,0.12299134734239803,1.1215824357912179,1.1187832828406377,0.8660880799543822,1.4549889775560652
hose,5.0,DIG,HPG,0.26637824474660077,0.6631644004944376,1.3206328538359788,1.171520325120235,0.9273053926824433,1.5333413955367947
hose,5.0,DIG,HSG,0.26637824474660077,0.1273176761433869,1.3877776899359633,1.2219446670123013,0.8376504472979592,1.6529346642578941
hose,5.0,DIG,KDH,0.26637824474660077,0.20395550061804696,1.0018552875695732,1.1003737782249197,0.8788521124160611,1.392825757477845
hose,5.0,DIG,MBB,0.26637824474660077,0.5587144622991347,1.002492656981821,0.9259912513121082,0.7778376200767496,1.15782559885573
hose,5.0,DIG,MSN,0.26637824474660077,0.37824474660074164,1.0547667688117126,0.9553994892375045,0.7730634590720427,1.1670722776488394
hose,5.0,DIG,MWG,0.26637824474660077,0.25092707045735474,0.9643282051282052,1.0141850857038068,0.7648774219927331,1.2801073011801538
hose,5.0,DIG,NLG,0.26637824474660077,0.20395550061804696,1.1453900709219857,1.0406515485577126,0.7528033274616655,1.4451981621801644
hose,5.0,DIG,POW,0.26637824474660077,0.19592088998763907,0.8948983002291826,0.9432779988916318,0.6634042791523703,1.224667904005537
hose,5.0,DIG,PVD,0.26637824474660077,0.16625463535228677,1.6460556923918992,1.6421991506263915,1.08983791055853,2.4208754057247144
hose,5.0,DIG,REE,0.26637824474660077,0.08899876390605686,0.8037484720901806,0.7475680727241835,0.5063768682430007,1.118518347919545
hose,5.0,DIG,SBT,0.26637824474660077,0.12299134734239803,1.1861175115207374,0.9200603599239912,0.7148202722022776,1.293652683235247
hose,5.0,DIG,SHB,0.26637824474660077,0.6180469715698393,0.9307331051500438,0.8380441199251413,0.5829999547791529,1.2054648229303788
hose,5.0,DIG,SSI,0.26637824474660077,0.7360939431396786,1.081027438477212,0.9635414957503362,0.6932654392249784,1.3566310072534873
hose,5.0,DIG,STB,0.26637824474660077,0.28986402966625463,1.0968343195266272,1.008079964281085,0.890649287550367,1.1989728778093596
hose,5.0,DIG,TCB,0.26637824474660077,0.711372064276885,0.8513926792289366,0.8617622718759529,0.6556574424769015,1.0806478067359822
hose,5.0,DIG,TCH,0.26637824474660077,0.22867737948084055,0.7925903245560318,0.9584762763974786,0.7136891905312963,1.2495193092707872
hose,5.0,DIG,VCB,0.26637824474660077,0.4276885043263288,1.1037991631799162,1.0240030386695205,0.8183680889161915,1.2839809456796236
hose,5.0,DIG,VIX,0.26637824474660077,0.7027194066749073,1.1869852841906305,1.1334824916164894,0.8609071007499688,1.4416836155655182
hose,5.0,DIG,VND,0.26637824474660077,0.4252163164400494,1.0907530537086103,1.1378935001209443,0.9118039705170558,1.3872777576170219
hose,5.0,DIG,VNM,0.26637824474660077,0.5006180469715699,0.9903516962340492,0.8821717366191757,0.7155286831681842,1.0725996327913518
hose,5.0,DIG,VPB,0.26637824474660077,0.4431396786155748,0.9623250639843792,1.0431900251808692,0.8503614641190139,1.2952962351028603
hose,5.0,DXG,FPT,0.42336217552533995,0.5482076637824475,0.9845621556570956,1.0378545532096395,0.8457534759153493,1.281258289856656
hose,5.0,DXG,GAS,0.42336217552533995,0.2107540173053152,1.8152739107771718,1.121216430210387,0.9270597099054201,1.339881828823033
hose,5.0,DXG,GEX,0.42336217552533995,0.4925834363411619,1.2961688181583995,1.2933779483138037,1.0431652695993088,1.5924531138432079
hose,5.0,DXG,HHV,0.42336217552533995,0.12299134734239803,0.7454239508805282,0.8500649685152577,0.6230010060625357,1.097741859062646
hose,5.0,DXG,HPG,0.42336217552533995,0.6631644004944376,0.7866381448412698,0.9719178982076786,0.8076205069301745,1.1798185607119471
hose,5.0,DXG,HSG,0.42336217552533995,0.1273176761433869,0.734935277488469,0.9810374997955743,0.7474874990249578,1.2482352898455233
hose,5.0,DXG,KDH,0.42336217552533995,0.20395550061804696,1.2283675289919715,0.9550196168936071,0.676440845621431,1.2782674786536126
hose,5.0,DXG,MBB,0.42336217552533995,0.5587144622991347,0.895841841024286,0.9991369946582945,0.791576034932161,1.2733179113215187
hose,5.0,DXG,MSN,0.42336217552533995,0.37824474660074164,1.0886623673809028,1.2580994372468923,0.9888283492268665,1.4944430531756299
hose,5.0,DXG,MWG,0.42336217552533995,0.25092707045735474,0.8628135223555071,0.9112474648839479,0.7306783358992309,1.1563816891479783
hose,5.0,DXG,NLG,0.42336217552533995,0.20395550061804696,0.8449479222592076,0.8544552780186545,0.7019933293646222,1.0208927169545137
hose,5.0,DXG,POW,0.42336217552533995,0.19592088998763907,1.3700276131387705,1.1748850608733403,0.8828663105890175,1.4789915625592043
hose,5.0,DXG,PVD,0.42336217552533995,0.16625463535228677,1.0021128749788148,1.1446318996364262,0.8322205420563675,1.5024327765740797
hose,5.0,DXG,REE,0.42336217552533995,0.08899876390605686,0.8278937042981986,0.8659314486900693,0.5503226145414446,1.3386041330697636
hose,5.0,DXG,SBT,0.42336217552533995,0.12299134734239803,1.0177631578947368,0.9678470562676516,0.7918174906583187,1.2549015324409072
hose,5.0,DXG,SHB,0.42336217552533995,0.6180469715698393,1.2628378378378378,1.3646403055246719,0.9863678465909808,1.8425904654494856
hose,5.0,DXG,SSI,0.42336217552533995,0.7360939431396786,0.7217396640122178,1.063221301494596,0.9412153828068295,1.2247228451609382
hose,5.0,DXG,STB,0.42336217552533995,0.28986402966625463,0.8455281690140845,0.9091631493929446,0.7817693695912935,1.0606159698106934
hose,5.0,DXG,TCB,0.42336217552533995,0.711372064276885,1.046883786316776,0.9877065672579012,0.7473165608854521,1.299248957298576
hose,5.0,DXG,TCH,0.42336217552533995,0.22867737948084055,1.6754857379082266,1.3358305109704023,0.9620208908826818,1.7859509578224377
hose,5.0,DXG,VCB,0.42336217552533995,0.4276885043263288,0.9697713961836387,1.1314124195097939,0.9503947540279889,1.3234923493896005
hose,5.0,DXG,VIX,0.42336217552533995,0.7027194066749073,0.9601137721478158,1.0708821233411399,0.9046867256193779,1.2439986625110437
hose,5.0,DXG,VND,0.42336217552533995,0.4252163164400494,1.278168248677632,1.2603362982106188,1.105475472649939,1.4422624956633536
hose,5.0,DXG,VNM,0.42336217552533995,0.5006180469715699,0.9708294788775825,1.1918302828618967,0.9299404746414182,1.5047786863772197
hose,5.0,DXG,VPB,0.42336217552533995,0.4431396786155748,1.380590875093493,1.140548230146681,0.889215919957287,1.4595344425155723
hose,5.0,FPT,GAS,0.5482076637824475,0.2107540173053152,1.2368908788004997,1.2933910912251703,0.9091506810319985,1.995929841166221
hose,5.0,FPT,GEX,0.5482076637824475,0.4925834363411619,1.1742511520737327,1.097657656478105,0.9183614149725627,1.3067557381779464
hose,5.0,FPT,HHV,0.5482076637824475,0.12299134734239803,1.421476627348187,1.1843833400727857,0.9229242278632466,1.6073918299706589
hose,5.0,FPT,HPG,0.5482076637824475,0.6631644004944376,1.2327942979767015,1.126476196052742,0.962240281788211,1.3459466915313796
hose,5.0,FPT,HSG,0.5482076637824475,0.1273176761433869,1.2005221932114882,1.0209320723767772,0.7491396107330446,1.4966850578895092
hose,5.0,FPT,KDH,0.5482076637824475,0.20395550061804696,1.1687753245679318,1.1631008811988794,0.8943726828047652,1.5000122250680346
hose,5.0,FPT,MBB,0.5482076637824475,0.5587144622991347,1.088929503916449,1.0742629375612363,0.7636842391264688,1.3781042581764393
hose,5.0,FPT,MSN,0.5482076637824475,0.37824474660074164,1.3124687561540909,1.2384127625944237,1.0239820402000759,1.517247018936273
hose,5.0,FPT,MWG,0.5482076637824475,0.25092707045735474,1.3884040880503146,1.2789887797383488,1.0673169831652798,1.5450505473614968
hose,5.0,FPT,NLG,0.5482076637824475,0.20395550061804696,0.8591757141351323,0.9728111449395701,0.7598117886071227,1.211824808911073
hose,5.0,FPT,POW,0.5482076637824475,0.19592088998763907,1.0358001416444724,0.9819112406219854,0.8344593421080672,1.194579962904886
hose,5.0,FPT,PVD,0.5482076637824475,0.16625463535228677,1.1051277835196842,1.0118321170353157,0.7821470455671773,1.3115590530197598
hose,5.0,FPT,REE,0.5482076637824475,0.08899876390605686,1.065579581708614,1.0017199135239012,0.7289922649922935,1.38660382826689
hose,5.0,FPT,SBT,0.5482076637824475,0.12299134734239803,0.9310919279115554,0.9584465410682828,0.7795053461272892,1.1980744915309995
hose,5.0,FPT,SHB,0.5482076637824475,0.6180469715698393,1.4440710589423198,1.250374016510988,1.1033853224125076,1.478087148700279
hose,5.0,FPT,SSI,0.5482076637824475,0.7360939431396786,1.5273730358110438,1.2763447740048444,1.0932336157116387,1.6657996064868388
hose,5.0,FPT,STB,0.5482076637824475,0.28986402966625463,1.2286275986112853,1.276138894469784,1.1231254343697,1.442337999034798
hose,5.0,FPT,TCB,0.5482076637824475,0.711372064276885,1.0757120622568093,1.1210317225022233,0.9913995261109706,1.2782334348969677
hose,5.0,FPT,TCH,0.5482076637824475,0.22867737948084055,1.1228834059022739,1.0628703273898914,0.9168525347854372,1.2884506766387138
hose,5.0,FPT,VCB,0.5482076637824475,0.4276885043263288,1.1612371863811481,1.0938541075840849,0.8944295352067028,1.358417203347276
hose,5.0,FPT,VIX,0.5482076637824475,0.7027194066749073,1.0326082881585952,0.8601526113065736,0.6879288630332633,1.0597893991996268
hose,5.0,FPT,VND,0.5482076637824475,0.4252163164400494,1.1638001638001638,1.1196262231494813,0.8726897641806663,1.4959641855528165
hose,5.0,FPT,VNM,0.5482076637824475,0.5006180469715699,1.1844841734264229,1.3061174023404827,1.0187632430466236,1.6599673603033867
hose,5.0,FPT,VPB,0.5482076637824475,0.4431396786155748,1.1871154542164315,1.209562823599305,0.9877999410841508,1.5107273480576724
hose,5.0,GAS,GEX,0.2107540173053152,0.4925834363411619,1.3080196399345336,1.2776263620560124,1.0011756335057607,1.670575793750709
hose,5.0,GAS,HHV,0.2107540173053152,0.12299134734239803,0.8376989928525016,0.9286608687733359,0.6537515412401191,1.1932995671902262
hose,5.0,GAS,HPG,0.2107540173053152,0.6631644004944376,1.122365520282187,1.298800325977775,1.0810078568727888,1.5619825986424765
hose,5.0,GAS,HSG,0.2107540173053152,0.1273176761433869,0.9861654383003253,1.238632197711902,0.8170821881240277,1.6220555062182203
hose,5.0,GAS,KDH,0.2107540173053152,0.20395550061804696,1.2063190295129458,0.9707964843696607,0.7245882186868232,1.2614503942453819
hose,5.0,GAS,MBB,0.2107540173053152,0.5587144622991347,0.8798933779334135,0.9360707267346872,0.7255389953107296,1.1908598589021508
hose,5.0,GAS,MSN,0.2107540173053152,0.37824474660074164,1.303026301309563,1.3770266914225568,1.00138484116228,1.8699808979396586
hose,5.0,GAS,MWG,0.2107540173053152,0.25092707045735474,1.39115844357545,1.481713881228709,1.1852585733586891,1.896701796850182
hose,5.0,GAS,NLG,0.2107540173053152,0.20395550061804696,1.2063190295129458,1.2719539614126507,0.9581518447226405,1.57668196564218
hose,5.0,GAS,POW,0.2107540173053152,0.19592088998763907,1.624912976886661,1.3478257450656599,0.9080781415052787,1.9250522158300916
hose,5.0,GAS,PVD,0.2107540173053152,0.16625463535228677,0.9815336463223787,1.045379754590488,0.7331782468744278,1.4887767836119616
hose,5.0,GAS,REE,0.2107540173053152,0.08899876390605686,1.0772075820619509,1.1070141636393052,0.8420950239119521,1.4713207457809299
hose,5.0,GAS,SBT,0.2107540173053152,0.12299134734239803,1.2607990867579908,1.2634224598930481,0.8506742484478664,2.015104750061156
hose,5.0,GAS,SHB,0.2107540173053152,0.6180469715698393,1.1218888403717797,1.116358686930525,0.7871420546622093,1.6230025639953276
hose,5.0,GAS,SSI,0.2107540173053152,0.7360939431396786,0.8295473684210526,1.050506017942087,0.7913261197130032,1.3368589717282262
hose,5.0,GAS,STB,0.2107540173053152,0.28986402966625463,1.6769284128745838,1.852499758171929,1.16831446835555,2.8310450342992075
hose,5.0,GAS,TCB,0.2107540173053152,0.711372064276885,1.1682345679012345,1.1380268260123323,0.9619655948164767,1.405641976622629
hose,5.0,GAS,TCH,0.2107540173053152,0.22867737948084055,1.327728178902661,1.1040934716888633,0.8967704942923624,1.3669843244459412
hose,5.0,GAS,VCB,0.2107540173053152,0.4276885043263288,1.3543291689299295,1.4866113028852075,1.1609994994908965,1.8678000518386322
hose,5.0,GAS,VIX,0.2107540173053152,0.7027194066749073,0.8901692068174369,0.9295603966227045,0.7320455407840589,1.1789664434970915
hose,5.0,GAS,VND,0.2107540173053152,0.4252163164400494,1.128713461920859,1.0765448742094725,0.8200808276750998,1.290383536312475
hose,5.0,GAS,VNM,0.2107540173053152,0.5006180469715699,0.8916694163207891,1.095772934617334,0.8326313367502772,1.4724996723417054
hose,5.0,GAS,VPB,0.2107540173053152,0.4431396786155748,1.2313179347826086,1.112732394648595,0.7982749222132838,1.5306566031657967
hose,5.0,GEX,HHV,0.4925834363411619,0.12299134734239803,0.8910672169811321,0.8995647559812467,0.6183326276539933,1.1933475020627746
hose,5.0,GEX,HPG,0.4925834363411619,0.6631644004944376,1.186876573742687,1.1721836418325706,0.9827758231987764,1.4450576591990507
hose,5.0,GEX,HSG,0.4925834363411619,0.1273176761433869,1.1564230917330647,1.1036423118865866,0.879350627330523,1.4570654665626819
hose,5.0,GEX,KDH,0.4925834363411619,0.20395550061804696,1.1547949367088608,1.1594997861258587,0.8907016957963492,1.5612233629510133
hose,5.0,GEX,MBB,0.4925834363411619,0.5587144622991347,1.0695652173913044,1.0285954635515688,0.832291042563807,1.2439985331520964
hose,5.0,GEX,MSN,0.4925834363411619,0.37824474660074164,1.1652244760352868,1.1346805560252986,0.8856283375338834,1.4993382207597894
hose,5.0,GEX,MWG,0.4925834363411619,0.25092707045735474,1.2510855683269477,1.253577142040021,0.9930220328026416,1.6280366847536778
hose,5.0,GEX,NLG,0.4925834363411619,0.20395550061804696,0.864406779661017,0.867159295295469,0.6268598780045581,1.1919477324094931
hose,5.0,GEX,POW,0.4925834363411619,0.19592088998763907,1.0457620729336137,1.0285895868980692,0.8518141025881767,1.2881630139817677
hose,5.0,GEX,PVD,0.4925834363411619,0.16625463535228677,0.8287024439405392,0.8113805857639655,0.6031680866815639,1.0561645540518039
hose,5.0,GEX,REE,0.4925834363411619,0.08899876390605686,1.0980833827306857,1.0961637022835555,0.7568715492169175,1.5342545449415204
hose,5.0,GEX,SBT,0.4925834363411619,0.12299134734239803,1.3794445842772045,1.266256842105263,1.012261642716626,1.5211934227759965
hose,5.0,GEX,SHB,0.4925834363411619,0.6180469715698393,1.1631531090438554,1.1457386512529855,0.9790139638913248,1.3423568873772511
hose,5.0,GEX,SSI,0.4925834363411619,0.7360939431396786,0.9423301638217436,0.9294213483812545,0.7705752982526498,1.115040469214118
hose,5.0,GEX,STB,0.4925834363411619,0.28986402966625463,1.256333842545057,1.2270189257103756,1.0270169105779319,1.5463168065286346
hose,5.0,GEX,TCB,0.4925834363411619,0.711372064276885,0.9766314581617042,0.9470540541497456,0.7952614422771477,1.1583710910617895
hose,5.0,GEX,TCH,0.4925834363411619,0.22867737948084055,1.282885013301803,1.2258731789316404,0.9745039342461941,1.622316140998221
hose,5.0,GEX,VCB,0.4925834363411619,0.4276885043263288,1.1419049781612727,1.126510467266034,0.9410108600830954,1.3342902098122325
hose,5.0,GEX,VIX,0.4925834363411619,0.7027194066749073,1.4449749279846367,1.2432655861843767,0.9338604368898061,1.7516930599205838
hose,5.0,GEX,VND,0.4925834363411619,0.4252163164400494,1.1890009015654455,1.1496229026791374,0.9293518431993936,1.4505679282715545
hose,5.0,GEX,VNM,0.4925834363411619,0.5006180469715699,1.0301935964259121,1.1803037925108628,1.0057391184086764,1.3786637199519767
hose,5.0,GEX,VPB,0.4925834363411619,0.4431396786155748,1.0286367547942539,0.9660900366946346,0.8636787341057011,1.1237809154866245
hose,5.0,HHV,HPG,0.12299134734239803,0.6631644004944376,1.5964285714285715,1.417367264624875,1.0501136434850917,2.131154045008701
hose,5.0,HHV,HSG,0.12299134734239803,0.1273176761433869,1.493939393939394,1.25439104714277,0.7909907424166536,1.9546960814460579
hose,5.0,HHV,KDH,0.12299134734239803,0.20395550061804696,1.014629232184311,1.030058905058905,0.7549507954082845,1.372386414330325
hose,5.0,HHV,MBB,0.12299134734239803,0.5587144622991347,1.043189368770764,1.0608656900938718,0.7581455998075849,1.4362063537336294
hose,5.0,HHV,MSN,0.12299134734239803,0.37824474660074164,1.2038002737761555,1.098760745785419,0.8069639657486884,1.5489046641344815
hose,5.0,HHV,MWG,0.12299134734239803,0.25092707045735474,1.0019983409999247,0.9005248623522755,0.6170511822792494,1.30512360631651
hose,5.0,HHV,NLG,0.12299134734239803,0.20395550061804696,1.1626794258373205,1.3402205919049754,1.0290670881915203,1.7385307890979103
hose,5.0,HHV,POW,0.12299134734239803,0.19592088998763907,1.3158625730994151,1.3115351471131353,0.8669339212931423,1.7505238179511957
hose,5.0,HHV,PVD,0.12299134734239803,0.16625463535228677,1.3555129913391073,1.2684930075865406,0.9045839799883494,1.735826402229122
hose,5.0,HHV,REE,0.12299134734239803,0.08899876390605686,1.6570000979719801,1.6012400027658054,0.9561790696099675,2.633432659932659
hose,5.0,HHV,SBT,0.12299134734239803,0.12299134734239803,0.6348569013404178,0.6928538633084087,0.43042844545582337,1.096011129864409
hose,5.0,HHV,SHB,0.12299134734239803,0.6180469715698393,1.2192851824274014,0.9551777055817675,0.7180513522006527,1.3304331125905398
hose,5.0,HHV,SSI,0.12299134734239803,0.7360939431396786,1.5439329503345023,1.276578401343741,1.0254242837814536,1.8393358560632471
hose,5.0,HHV,STB,0.12299134734239803,0.28986402966625463,1.125271256658118,1.1777487147109227,0.877294044683779,1.608177988928056
hose,5.0,HHV,TCB,0.12299134734239803,0.711372064276885,1.1347789355111235,1.2232565080727151,0.842762330834057,1.665367281472144
hose,5.0,HHV,TCH,0.12299134734239803,0.22867737948084055,1.152474832214765,1.1519864680886176,0.8144128013450509,1.673086780750295
hose,5.0,HHV,VCB,0.12299134734239803,0.4276885043263288,1.2290810638636727,1.1404282395418697,0.9174451549460707,1.5570619667892123
hose,5.0,HHV,VIX,0.12299134734239803,0.7027194066749073,1.4249486985635598,1.274842890809112,0.9517617403104427,1.9774593690442173
hose,5.0,HHV,VND,0.12299134734239803,0.4252163164400494,1.3020204670690108,1.2820137659783681,1.0169121390762896,1.6237070863079732
hose,5.0,HHV,VNM,0.12299134734239803,0.5006180469715699,0.8789837722798617,0.8109374081308671,0.6086180462205404,1.0437733561420073
hose,5.0,HHV,VPB,0.12299134734239803,0.4431396786155748,1.0923065420560747,1.1332605878742417,0.8513022649835342,1.5962748945731544
hose,5.0,HPG,HSG,0.6631644004944376,0.1273176761433869,1.50062331604134,1.279901201084851,0.9226283295014551,1.8471468569420195
hose,5.0,HPG,KDH,0.6631644004944376,0.20395550061804696,1.0555555555555556,1.1153673599379657,0.8819269834548452,1.44428860541594
hose,5.0,HPG,MBB,0.6631644004944376,0.5587144622991347,1.1894652543781448,1.1581798957231926,0.9547645905037065,1.3918929508763174
hose,5.0,HPG,MSN,0.6631644004944376,0.37824474660074164,1.4527403414195867,1.310716801507213,1.0417193437677958,1.72193543620874
hose,5.0,HPG,MWG,0.6631644004944376,0.25092707045735474,1.307139649753031,1.2847215369353742,1.0431337337790791,1.5543031446429383
hose,5.0,HPG,NLG,0.6631644004944376,0.20395550061804696,0.9691506078901663,1.0161932095310953,0.7695819217357053,1.3212479059355615
hose,5.0,HPG,POW,0.6631644004944376,0.19592088998763907,1.0690687975406037,1.0639499070364111,0.8096578739761501,1.4847946187167314
hose,5.0,HPG,PVD,0.6631644004944376,0.16625463535228677,1.1917221824588449,1.1305094219099332,0.8570219967151174,1.5277967132928771
hose,5.0,HPG,REE,0.6631644004944376,0.08899876390605686,0.8891241276562377,0.8480122295478632,0.6069262208091256,1.2701863331318934
hose,5.0,HPG,SBT,0.6631644004944376,0.12299134734239803,0.9755058074185088,0.939438146713222,0.744213714945142,1.1432472892673238
hose,5.0,HPG,SHB,0.6631644004944376,0.6180469715698393,1.1216666666666666,0.9764284592899384,0.8377415314460479,1.118810945008598
hose,5.0,HPG,SSI,0.6631644004944376,0.7360939431396786,1.2545357264458388,1.0312832794870297,0.8412003041594522,1.2796625245742548
hose,5.0,HPG,STB,0.6631644004944376,0.28986402966625463,1.279233870967742,1.2574192943822329,1.1021454184641652,1.4600853563942284
hose,5.0,HPG,TCB,0.6631644004944376,0.711372064276885,1.0938731668442434,1.1411366594360088,0.8744507245270815,1.4763813784500408
hose,5.0,HPG,TCH,0.6631644004944376,0.22867737948084055,1.1656213458063145,1.2266990947169296,1.0384723801547049,1.4409184796534953
hose,5.0,HPG,VCB,0.6631644004944376,0.4276885043263288,1.271437207674441,1.168855624944505,0.9441433707412933,1.4868326085231929
hose,5.0,HPG,VIX,0.6631644004944376,0.7027194066749073,1.2648250125153597,1.1192950900408984,0.9234279283822687,1.332261818594096
hose,5.0,HPG,VND,0.6631644004944376,0.4252163164400494,1.1962161829050348,1.2268510818452607,1.0035970358747455,1.5005281949029265
hose,5.0,HPG,VNM,0.6631644004944376,0.5006180469715699,1.218487394957983,1.2111090368078756,0.9702383136002742,1.5216687160673008
hose,5.0,HPG,VPB,0.6631644004944376,0.4431396786155748,1.1381881584804867,1.2113335639375544,0.9662016957795758,1.4916097795634427
hose,5.0,HSG,KDH,0.1273176761433869,0.20395550061804696,0.9994918699186992,1.034697479992636,0.6763816331047242,1.4196593305137697
hose,5.0,HSG,MBB,0.1273176761433869,0.5587144622991347,1.0925104326817483,1.0246824007087991,0.7883297366710197,1.4225455491007606
hose,5.0,HSG,MSN,0.1273176761433869,0.37824474660074164,0.9107243438098457,0.811429521276596,0.6046054926115054,1.1291156878997315
hose,5.0,HSG,MWG,0.1273176761433869,0.25092707045735474,1.2318414397459272,1.1446748046244268,0.8109256001308303,1.6175286299315177
hose,5.0,HSG,NLG,0.1273176761433869,0.20395550061804696,0.9994918699186992,1.0683131153783385,0.698822316856708,1.6003266080165681
hose,5.0,HSG,POW,0.1273176761433869,0.19592088998763907,1.0588470066518847,1.0411479097530012,0.7291255925859365,1.3784113748234676
hose,5.0,HSG,PVD,0.1273176761433869,0.16625463535228677,1.4328669410150892,1.2431558706886192,0.8171656961979481,1.7381123570808115
hose,5.0,HSG,REE,0.1273176761433869,0.08899876390605686,1.3409655421577926,1.235560131629419,0.7266210405863139,1.8878322678156954
hose,5.0,HSG,SBT,0.1273176761433869,0.12299134734239803,1.253698224852071,1.1221777814055998,0.7451831039572829,1.6286081501329701
hose,5.0,HSG,SHB,0.1273176761433869,0.6180469715698393,1.4326194638694638,1.214628071778608,0.9448396138671937,1.656445829490884
hose,5.0,HSG,SSI,0.1273176761433869,0.7360939431396786,1.2456704601682336,0.9041489529207999,0.6396978863158614,1.3678661107183971
hose,5.0,HSG,STB,0.1273176761433869,0.28986402966625463,0.8534876347495244,0.8168148992778411,0.6277093752774319,1.0178395352026677
hose,5.0,HSG,TCB,0.1273176761433869,0.711372064276885,0.8413511974342834,0.8936672096948964,0.6939633464450208,1.142745024277281
hose,5.0,HSG,TCH,0.1273176761433869,0.22867737948084055,0.7358003442340791,0.7637466441284676,0.5554999746122572,1.1062145041097455
hose,5.0,HSG,VCB,0.1273176761433869,0.4276885043263288,1.2495947125576756,1.1286037943439522,0.8109355683915531,1.5220928451459617
hose,5.0,HSG,VIX,0.1273176761433869,0.7027194066749073,1.18617001659598,0.9427053855196135,0.6245033855497538,1.401680737248277
hose,5.0,HSG,VND,0.1273176761433869,0.4252163164400494,1.1557840307840308,1.1563280449250046,0.7758426244111145,1.7205833003604785
hose,5.0,HSG,VNM,0.1273176761433869,0.5006180469715699,1.1145996860282574,1.1213531734710733,0.822824201696532,1.5496357478337028
hose,5.0,HSG,VPB,0.1273176761433869,0.4431396786155748,1.2710131332082553,1.3124402663533101,0.9501962782651782,1.8492124438790014
hose,5.0,KDH,MBB,0.20395550061804696,0.5587144622991347,1.2365439093484418,1.29011098826331,1.0840538111935467,1.5775895594253013
hose,5.0,KDH,MSN,0.20395550061804696,0.37824474660074164,1.0696517412935322,1.0887237430803065,0.8855563687483544,1.3818005565891915
hose,5.0,KDH,MWG,0.20395550061804696,0.25092707045735474,1.0039357741818227,1.0037487268190668,0.7708328093777439,1.3038895644019117
hose,5.0,KDH,NLG,0.20395550061804696,0.20395550061804696,0.9022850650170433,0.9279864758130445,0.7817771864811434,1.147119155266598
hose,5.0,KDH,POW,0.20395550061804696,0.19592088998763907,1.5135817848368456,1.363263822844904,1.0015019780152419,1.8492028731917354
hose,5.0,KDH,PVD,0.20395550061804696,0.16625463535228677,0.8972082470158824,0.88907666677346,0.5961477292743073,1.1762286194567906
hose,5.0,KDH,REE,0.20395550061804696,0.08899876390605686,0.8480151650312221,0.8319053708439901,0.5079095984345838,1.2409733015453714
hose,5.0,KDH,SBT,0.20395550061804696,0.12299134734239803,0.8131459280694502,0.7587002479977233,0.5163510326822294,1.1146692457495102
hose,5.0,KDH,SHB,0.20395550061804696,0.6180469715698393,1.218045112781955,1.1886145768811018,0.946725087445756,1.5857874056165984
hose,5.0,KDH,SSI,0.20395550061804696,0.7360939431396786,0.843064263322884,0.8999878344794026,0.7099852268176047,1.188893525286652
hose,5.0,KDH,STB,0.20395550061804696,0.28986402966625463,1.0251049886935253,1.0628916247462714,0.7339052546076208,1.567992424559945
hose,5.0,KDH,TCB,0.20395550061804696,0.711372064276885,1.1689199453136867,1.1679861587566749,0.9029720691169771,1.4919184627466169
hose,5.0,KDH,TCH,0.20395550061804696,0.22867737948084055,1.489129593810445,1.3728241600991007,1.1974218768949474,1.5944185160330888
hose,5.0,KDH,VCB,0.20395550061804696,0.4276885043263288,0.952278880866426,0.9723520195860796,0.7856936945829988,1.1905954886056758
hose,5.0,KDH,VIX,0.20395550061804696,0.7027194066749073,1.184691011235955,1.2266652880812676,0.8928181646443619,1.6405604497365076
hose,5.0,KDH,VND,0.20395550061804696,0.4252163164400494,1.1439334146516467,1.1120251621630663,0.876671438928079,1.4006832829017568
hose,5.0,KDH,VNM,0.20395550061804696,0.5006180469715699,0.8824987385920031,0.9544380556959259,0.8076234911616309,1.140187248766813
hose,5.0,KDH,VPB,0.20395550061804696,0.4431396786155748,1.3538798636625204,1.2943553712459388,1.049260274396849,1.6914880404983814
hose,5.0,MBB,MSN,0.5587144622991347,0.37824474660074164,1.2263505829352939,1.1922355177540027,0.9419327739924507,1.494921514274433
hose,5.0,MBB,MWG,0.5587144622991347,0.25092707045735474,1.1458619802524772,1.1718270034059508,0.9508152351750185,1.4066412091774743
hose,5.0,MBB,NLG,0.5587144622991347,0.20395550061804696,1.0096877847585248,0.9522602526575952,0.7849298422291687,1.1804861098728703
hose,5.0,MBB,POW,0.5587144622991347,0.19592088998763907,1.2299565495489535,1.2919325556872165,0.8940260120188512,1.8257986320971282
hose,5.0,MBB,PVD,0.5587144622991347,0.16625463535228677,1.2854054054054054,1.2732899628252792,0.8983040043517206,1.8076876861509583
hose,5.0,MBB,REE,0.5587144622991347,0.08899876390605686,0.8202409638554217,0.7968948740778429,0.6002257397883499,1.0796648983973316
hose,5.0,MBB,SBT,0.5587144622991347,0.12299134734239803,0.9728865366654402,0.9040044229208074,0.717111909871852,1.231087600596772
hose,5.0,MBB,SHB,0.5587144622991347,0.6180469715698393,1.3073317307692307,1.383731070794008,1.1584130640571917,1.6353998012915418
hose,5.0,MBB,SSI,0.5587144622991347,0.7360939431396786,1.461548850131193,1.4199861329479204,1.1628332429840267,1.7776253888791749
hose,5.0,MBB,STB,0.5587144622991347,0.28986402966625463,1.4844590163934426,1.4091631069389803,1.1266273409410554,1.8838990354044902
hose,5.0,MBB,TCB,0.5587144622991347,0.711372064276885,1.3053360194224908,1.2977498155586527,1.0943725315735597,1.4792604934914657
hose,5.0,MBB,TCH,0.5587144622991347,0.22867737948084055,1.2815471394037068,1.3600444878363007,1.047758319223465,1.8197903623252276
hose,5.0,MBB,VCB,0.5587144622991347,0.4276885043263288,1.439741816505302,1.42558426479634,1.1578134558535642,1.7837308237660343
hose,5.0,MBB,VIX,0.5587144622991347,0.7027194066749073,1.3764071335363202,1.3518997661496215,1.0990938850164786,1.6761653066853797
hose,5.0,MBB,VND,0.5587144622991347,0.4252163164400494,1.2108204643344889,1.2180969044504588,1.0553932565024267,1.3681745215522076
hose,5.0,MBB,VNM,0.5587144622991347,0.5006180469715699,1.0667242869490061,1.0918043993534499,0.8865448267647056,1.3323505570570051
hose,5.0,MBB,VPB,0.5587144622991347,0.4431396786155748,1.6084609773887673,1.640760843460301,1.3581644188345012,1.9830653403364238
hose,5.0,MSN,MWG,0.37824474660074164,0.25092707045735474,1.4776162790697673,1.504726280139514,1.2379548103840106,1.8219943882816807
hose,5.0,MSN,NLG,0.37824474660074164,0.20395550061804696,0.924506387921022,0.9204652521293436,0.6565900338194298,1.2329740127325792
hose,5.0,MSN,POW,0.37824474660074164,0.19592088998763907,1.2813601492846776,1.2589438295115658,1.050017701873627,1.5120818079648324
hose,5.0,MSN,PVD,0.37824474660074164,0.16625463535228677,1.145800198807157,1.1137524511818515,0.8406185941955175,1.5722549616002373
hose,5.0,MSN,REE,0.37824474660074164,0.08899876390605686,0.9849462365591398,0.951610462807104,0.7164557574858911,1.3696125591389665
hose,5.0,MSN,SBT,0.37824474660074164,0.12299134734239803,1.232608695652174,1.1349980201940209,0.9107359039664988,1.3778935592878474
hose,5.0,MSN,SHB,0.37824474660074164,0.6180469715698393,1.6066810344827587,1.4994459695984295,1.2349996551700413,1.8155650459687513
hose,5.0,MSN,SSI,0.37824474660074164,0.7360939431396786,1.3457579972183589,1.215636393647958,0.9704378861071848,1.5350334229924214
hose,5.0,MSN,STB,0.37824474660074164,0.28986402966625463,1.4880129795762551,1.441615826305401,1.126199931478945,1.8312688332971554
hose,5.0,MSN,TCB,0.37824474660074164,0.711372064276885,1.0344343957053732,1.0439928765290967,0.8077800947798361,1.350375048351007
hose,5.0,MSN,TCH,0.37824474660074164,0.22867737948084055,1.0463447394869578,1.0639176019242222,0.8611764413345366,1.3304631957885713
hose,5.0,MSN,VCB,0.37824474660074164,0.4276885043263288,1.5720980050876958,1.491248446555709,1.1899161091414712,1.8835758585636215
hose,5.0,MSN,VIX,0.37824474660074164,0.7027194066749073,1.3238321167883211,1.2307865565516933,0.9787634878788612,1.5122375301916233
hose,5.0,MSN,VND,0.37824474660074164,0.4252163164400494,1.3611660730774304,1.3653945017919291,1.1074421476203533,1.6880413220251798
hose,5.0,MSN,VNM,0.37824474660074164,0.5006180469715699,1.2555665945882766,1.28054225359889,1.0541368564804257,1.5137459242008955
hose,5.0,MSN,VPB,0.37824474660074164,0.4431396786155748,1.0865111687029496,1.1005913179191529,0.8959649661871751,1.3493303072785212
hose,5.0,MWG,NLG,0.25092707045735474,0.20395550061804696,0.9442944785276074,1.0455303630886317,0.750481638084352,1.4634460009505992
hose,5.0,MWG,POW,0.25092707045735474,0.19592088998763907,1.1644268774703557,1.1348142777100296,0.8602167485293677,1.4163114438498599
hose,5.0,MWG,PVD,0.25092707045735474,0.16625463535228677,1.2995010461934653,1.214559133136051,0.914366885713469,1.6625662353152217
hose,5.0,MWG,REE,0.25092707045735474,0.08899876390605686,0.9546477410420634,0.9244574193398312,0.6214434324367942,1.2674451217121712
hose,5.0,MWG,SBT,0.25092707045735474,0.12299134734239803,0.8563873799330863,0.956638142172952,0.6381497041250813,1.3067484642412663
hose,5.0,MWG,SHB,0.25092707045735474,0.6180469715698393,0.9735554292790081,0.8849638586322907,0.6336215901254868,1.1740020214478342
hose,5.0,MWG,SSI,0.25092707045735474,0.7360939431396786,1.0920264385348277,0.9796009912309973,0.7372785240038557,1.2531538363550094
hose,5.0,MWG,STB,0.25092707045735474,0.28986402966625463,1.2317805271651425,1.3057919532951996,0.9386313336293945,1.668075007540498
hose,5.0,MWG,TCB,0.25092707045735474,0.711372064276885,1.3756990340620234,1.451872052321841,1.183958851781759,1.8128445081947044
hose,5.0,MWG,TCH,0.25092707045735474,0.22867737948084055,1.0601365669884624,1.0512454315434354,0.8752226405043254,1.2738587808104571
hose,5.0,MWG,VCB,0.25092707045735474,0.4276885043263288,1.195433789954338,1.1637552371942155,0.9346226944064236,1.4471216493147758
hose,5.0,MWG,VIX,0.25092707045735474,0.7027194066749073,1.1124675594311222,1.0385282957939777,0.7682337368375785,1.376047637507766
hose,5.0,MWG,VND,0.25092707045735474,0.4252163164400494,0.8658916661472293,0.8460996240601502,0.6996536208366848,1.0376168237945915
hose,5.0,MWG,VNM,0.25092707045735474,0.5006180469715699,1.4431088082901555,1.525122000813339,1.2576145182668557,1.975044909954739
hose,5.0,MWG,VPB,0.25092707045735474,0.4431396786155748,1.2055449330783938,1.268000647942333,0.9299669871109972,1.6517979498379567
hose,5.0,NLG,POW,0.20395550061804696,0.19592088998763907,0.8255283178360101,0.8720087690577535,0.6125951881944476,1.1651560768173996
hose,5.0,NLG,PVD,0.20395550061804696,0.16625463535228677,0.7974723840448222,0.8566952094795434,0.5763040840514407,1.381053671624976
hose,5.0,NLG,REE,0.20395550061804696,0.08899876390605686,1.23009828009828,1.2820560002453458,0.8256576883327795,2.0034367865148464
hose,5.0,NLG,SBT,0.20395550061804696,0.12299134734239803,1.1626794258373205,1.0424858289904582,0.8239729698117838,1.4036445076921003
hose,5.0,NLG,SHB,0.20395550061804696,0.6180469715698393,0.8008818342151676,0.9100059292955802,0.7203013394963806,1.1361583272591878
hose,5.0,NLG,SSI,0.20395550061804696,0.7360939431396786,0.7014887514389964,0.7700607530937187,0.6287342270836301,0.9173048907179748
hose,5.0,NLG,STB,0.20395550061804696,0.28986402966625463,1.0828325674561095,0.9977417086089806,0.779462141271694,1.2190957319049536
hose,5.0,NLG,TCB,0.20395550061804696,0.711372064276885,1.0045966444495518,0.9532838557772644,0.7405089266177575,1.2890107328948675
hose,5.0,NLG,TCH,0.20395550061804696,0.22867737948084055,0.7539801632324415,0.8058369765620664,0.5811069797460228,1.093722582530475
hose,5.0,NLG,VCB,0.20395550061804696,0.4276885043263288,0.967260918549937,1.001590330788804,0.7760058042155231,1.3100215051446356
hose,5.0,NLG,VIX,0.20395550061804696,0.7027194066749073,0.8834586466165414,0.9631730489264644,0.6923593665278563,1.3402754154575502
hose,5.0,NLG,VND,0.20395550061804696,0.4252163164400494,1.075357125080882,1.105760055028362,0.8807660763357761,1.336371454962365
hose,5.0,NLG,VNM,0.20395550061804696,0.5006180469715699,0.9669964553119418,0.9203630475236185,0.7469653099575652,1.2118131591824666
hose,5.0,NLG,VPB,0.20395550061804696,0.4431396786155748,1.1096285611251353,1.07357578102331,0.8805751597598557,1.3412361279578038
hose,5.0,POW,PVD,0.19592088998763907,0.16625463535228677,1.6078056992691139,1.5353772445835385,1.0996880288225392,2.1486927770165463
hose,5.0,POW,REE,0.19592088998763907,0.08899876390605686,1.0384661835748792,1.0210922309578154,0.6918199681222027,1.3916073617768268
hose,5.0,POW,SBT,0.19592088998763907,0.12299134734239803,1.1128662420382165,1.0511485308400719,0.7371855625866905,1.3865157742449783
hose,5.0,POW,SHB,0.19592088998763907,0.6180469715698393,1.6598877980364657,1.4636448885903035,1.1070436893137028,1.9240475463726188
hose,5.0,POW,SSI,0.19592088998763907,0.7360939431396786,1.1232897004955829,1.1333906367232174,0.9737709107317647,1.4472581658577452
hose,5.0,POW,STB,0.19592088998763907,0.28986402966625463,1.0213834536474165,1.1001136899650465,0.8731212682408668,1.420541484933956
hose,5.0,POW,TCB,0.19592088998763907,0.711372064276885,0.8847661382149427,0.9146045452592688,0.7290794713495558,1.1368103205039848
hose,5.0,POW,TCH,0.19592088998763907,0.22867737948084055,1.306110102843315,1.202967629046369,0.9862189116715447,1.5236577213074216
hose,5.0,POW,VCB,0.19592088998763907,0.4276885043263288,1.238073314040165,1.2403221921913885,1.0027911741429059,1.537466201360031
hose,5.0,POW,VIX,0.19592088998763907,0.7027194066749073,1.2181442267172355,1.2000584747606617,0.8957256252926084,1.590920174846735
hose,5.0,POW,VND,0.19592088998763907,0.4252163164400494,1.3786394274199152,1.3667013654333837,1.0601996421485376,1.8105931134773299
hose,5.0,POW,VNM,0.19592088998763907,0.5006180469715699,0.9737366003062787,1.0610395851270449,0.8869530275035168,1.2578029910163508
hose,5.0,POW,VPB,0.19592088998763907,0.4431396786155748,0.8732917532917532,0.8429284570327314,0.6365151461305534,1.0856485586658922
hose,5.0,PVD,REE,0.16625463535228677,0.08899876390605686,1.2965942028985507,1.2095642187200917,0.7240419254260089,1.947407101024975
hose,5.0,PVD,SBT,0.16625463535228677,0.12299134734239803,1.1685557684120902,1.1424552500206855,0.8210853438562385,1.5257727571389563
hose,5.0,PVD,SHB,0.16625463535228677,0.6180469715698393,1.3856138453217957,1.1932666642941032,0.8935548563751707,1.6364969369704179
hose,5.0,PVD,SSI,0.16625463535228677,0.7360939431396786,1.0974450296545584,0.9046613716939785,0.6146464035506105,1.2976440948181558
hose,5.0,PVD,STB,0.16625463535228677,0.28986402966625463,1.3132542655014565,1.3392675885998946,1.024051346787369,1.869680188859379
hose,5.0,PVD,TCB,0.16625463535228677,0.711372064276885,0.6570074968763016,0.695280622064824,0.5566413888612985,0.8847995559083269
hose,5.0,PVD,TCH,0.16625463535228677,0.22867737948084055,0.9870550161812298,1.0272121580926525,0.7794864964829633,1.321946910649807
hose,5.0,PVD,VCB,0.16625463535228677,0.4276885043263288,1.1342403628117914,1.0647654288063648,0.9034829876708379,1.239384527555162
hose,5.0,PVD,VIX,0.16625463535228677,0.7027194066749073,1.1385350318471337,1.0616998666295798,0.7842607845174656,1.4826343038718233
hose,5.0,PVD,VND,0.16625463535228677,0.4252163164400494,1.1690144259910291,1.15713870649079,0.8883223953164119,1.4777193088337572
hose,5.0,PVD,VNM,0.16625463535228677,0.5006180469715699,0.8566433566433567,0.8687684718918308,0.641439078818115,1.1725658033018749
hose,5.0,PVD,VPB,0.16625463535228677,0.4431396786155748,1.3041611079346929,1.3591513839414957,1.0129795109931297,1.8764992440953387
hose,5.0,REE,SBT,0.08899876390605686,0.12299134734239803,1.321385570065759,1.2520091590715217,0.9156137131517345,1.6058417311973527
hose,5.0,REE,SHB,0.08899876390605686,0.6180469715698393,1.2189649340399142,1.1225454258354854,0.8720703607634122,1.4417876122040958
hose,5.0,REE,SSI,0.08899876390605686,0.7360939431396786,1.227104377104377,1.1113576112738943,0.8118767073526061,1.5070708350028112
hose,5.0,REE,STB,0.08899876390605686,0.28986402966625463,1.1662565735514063,1.1660638556026761,0.8524943791427698,1.5088986611970814
hose,5.0,REE,TCB,0.08899876390605686,0.711372064276885,1.5311082105786562,1.5912122165774998,1.224782022763535,2.1771322000636046
hose,5.0,REE,TCH,0.08899876390605686,0.22867737948084055,0.760932944606414,0.7773796485881624,0.5666602606221633,1.0796566678894493
hose,5.0,REE,VCB,0.08899876390605686,0.4276885043263288,0.9222005389833658,0.8905781036834923,0.7190269072599914,1.0886094730855729
hose,5.0,REE,VIX,0.08899876390605686,0.7027194066749073,1.2466019417475729,1.2034654731457801,0.8579736222722381,1.8513523969343992
hose,5.0,REE,VND,0.08899876390605686,0.4252163164400494,0.9035068290882244,0.8825177326101211,0.648758580637295,1.253936318420377
hose,5.0,REE,VNM,0.08899876390605686,0.5006180469715699,1.1267831383234492,1.1485115471899616,0.7731500545242257,1.765248860915361
hose,5.0,REE,VPB,0.08899876390605686,0.4431396786155748,1.2091148335352353,1.2423021264621943,0.9730311957093066,1.5519552737287279
hose,5.0,SBT,SHB,0.12299134734239803,0.6180469715698393,1.130895464530301,1.0521461573731175,0.7594667796562956,1.4749746906073273
hose,5.0,SBT,SSI,0.12299134734239803,0.7360939431396786,0.9039837786259542,0.8386978922716629,0.6350389289042501,1.1444101752473703
hose,5.0,SBT,STB,0.12299134734239803,0.28986402966625463,1.1869410150891633,1.0671156757344744,0.7811653625115216,1.365529358650291
hose,5.0,SBT,TCB,0.12299134734239803,0.711372064276885,0.8592384080068809,0.803465781433425,0.6463943393500378,0.9722483003637415
hose,5.0,SBT,TCH,0.12299134734239803,0.22867737948084055,0.9836163836163836,1.0064305258338924,0.6955301104423995,1.3009441750271094
hose,5.0,SBT,VCB,0.12299134734239803,0.4276885043263288,1.0697452419306723,1.0275078487068323,0.7834894817279278,1.2711547348812782
hose,5.0,SBT,VIX,0.12299134734239803,0.7027194066749073,0.9772712090848363,0.8478657173322326,0.5085815206160503,1.4206333923693282
hose,5.0,SBT,VND,0.12299134734239803,0.4252163164400494,1.0089901370341277,0.9696718027173715,0.7259311060447144,1.2608235466158162
hose,5.0,SBT,VNM,0.12299134734239803,0.5006180469715699,0.7305774214051728,0.7413228767069484,0.5398579616662655,1.034298891599071
hose,5.0,SBT,VPB,0.12299134734239803,0.4431396786155748,1.0673736835877412,0.990690463313503,0.6680497694570636,1.484748597118248
hose,5.0,SHB,SSI,0.6180469715698393,0.7360939431396786,1.762443438914027,1.5617530540867577,1.2137292723211468,1.976348276667233
hose,5.0,SHB,STB,0.6180469715698393,0.28986402966625463,1.8195488721804511,2.1903852611756025,1.642959196355536,2.9437595047951612
hose,5.0,SHB,TCB,0.6180469715698393,0.711372064276885,1.1298491289489039,1.3138244678318014,1.0513691888726664,1.6358601629886396
hose,5.0,SHB,TCH,0.6180469715698393,0.22867737948084055,1.0826677929657502,1.0615454706522565,0.8620465481311528,1.3295924410298077
hose,5.0,SHB,VCB,0.6180469715698393,0.4276885043263288,1.6352317329936836,1.5792522634413078,1.1940415339878463,1.9776447275007203
hose,5.0,SHB,VIX,0.6180469715698393,0.7027194066749073,1.7051171033288357,1.510021815858182,1.1046218584142757,2.028360056844231
hose,5.0,SHB,VND,0.6180469715698393,0.4252163164400494,1.4412175415089314,1.4263116660743707,1.0201348492729363,2.034046475251752
hose,5.0,SHB,VNM,0.6180469715698393,0.5006180469715699,1.1148887566598957,1.1173689947427348,0.8019132501801434,1.4282224817970468
hose,5.0,SHB,VPB,0.6180469715698393,0.4431396786155748,1.346396791000046,1.4154212422251862,1.1098387052266372,1.8518132934554195
hose,5.0,SSI,STB,0.7360939431396786,0.28986402966625463,1.4191295450218921,1.4425586527851073,1.069958852198858,1.908490998732631
hose,5.0,SSI,TCB,0.7360939431396786,0.711372064276885,0.9808695652173913,1.0555973067118933,0.8135870735975135,1.3671367176175966
hose,5.0,SSI,TCH,0.7360939431396786,0.22867737948084055,1.0884214489070845,1.1925299561115617,0.8912548682105349,1.5874532785270776
hose,5.0,SSI,VCB,0.7360939431396786,0.4276885043263288,1.5422085259373395,1.398786156641238,1.0556605274906272,1.846361823218206
hose,5.0,SSI,VIX,0.7360939431396786,0.7027194066749073,1.2894485745142654,1.1138873619509273,0.8895629274163394,1.3833181694642704
hose,5.0,SSI,VND,0.7360939431396786,0.4252163164400494,1.3112886327920377,1.3510119205938536,1.135536535355436,1.6182129203445546
hose,5.0,SSI,VNM,0.7360939431396786,0.5006180469715699,1.3371288397466408,1.3818913086129097,1.0725530706684876,1.7349969367453895
hose,5.0,SSI,VPB,0.7360939431396786,0.4431396786155748,0.9648320195195195,1.106051888272832,0.8949751473830448,1.5068588830178447
hose,5.0,STB,TCB,0.28986402966625463,0.711372064276885,1.6751075430172069,1.6260822222616744,1.2197069883546738,2.3146261806729638
hose,5.0,STB,TCH,0.28986402966625463,0.22867737948084055,1.2773310402528586,1.356458767192592,1.1356927113136266,1.6215806616445638
hose,5.0,STB,VCB,0.28986402966625463,0.4276885043263288,2.3084397163120567,2.293910960944922,1.9295761540268086,2.6942002990930454
hose,5.0,STB,VIX,0.28986402966625463,0.7027194066749073,1.312258429437828,1.3177894837051376,1.127640573255142,1.5311288588021381
hose,5.0,STB,VND,0.28986402966625463,0.4252163164400494,2.17489434608795,2.211734512402664,1.6990735964446142,2.95641181681823
hose,5.0,STB,VNM,0.28986402966625463,0.5006180469715699,1.4751381215469612,1.5387556578868284,1.2570149258302996,1.9879322704380347
hose,5.0,STB,VPB,0.28986402966625463,0.4431396786155748,1.458695652173913,1.4431183509177437,1.1306650166127734,1.8176644207557566
hose,5.0,TCB,TCH,0.711372064276885,0.22867737948084055,1.1052064390112482,1.0857152019154712,0.8514714909818841,1.438301737083188
hose,5.0,TCB,VCB,0.711372064276885,0.4276885043263288,1.310091192916233,1.3396805383921708,0.9320037889215367,1.8284804397894387
hose,5.0,TCB,VIX,0.711372064276885,0.7027194066749073,1.2056158633666232,1.2525353668883057,0.9953911862020618,1.6358289477651087
hose,5.0,TCB,VND,0.711372064276885,0.4252163164400494,1.3761042643690697,1.3762725825757542,1.1463097611692448,1.6721181653528547
hose,5.0,TCB,VNM,0.711372064276885,0.5006180469715699,1.0721949865877347,1.1199785669356155,0.9077926896407497,1.36569775729585
hose,5.0,TCB,VPB,0.711372064276885,0.4431396786155748,1.5621864578802378,1.5447378173059105,1.3178032082019904,1.8028891403424356
hose,5.0,TCH,VCB,0.22867737948084055,0.4276885043263288,1.101170916832508,1.1367462674349333,0.9103473314602628,1.4116449870693768
hose,5.0,TCH,VIX,0.22867737948084055,0.7027194066749073,1.2732956740054076,1.2479616105822515,0.8845326077897772,1.6896728997981465
hose,5.0,TCH,VND,0.22867737948084055,0.4252163164400494,1.4603174603174602,1.4311732530144754,1.1187659359660693,1.7610370328126854
hose,5.0,TCH,VNM,0.22867737948084055,0.5006180469715699,1.0251383662693296,1.1417393738627348,0.9005219481926714,1.404456101540276
hose,5.0,TCH,VPB,0.22867737948084055,0.4431396786155748,1.3084780388151174,1.2186575824504922,0.929089956585914,1.5778720765022285
hose,5.0,VCB,VIX,0.4276885043263288,0.7027194066749073,1.3698844444444445,1.2824587757331602,1.0886713887088717,1.5700166841516483
hose,5.0,VCB,VND,0.4276885043263288,0.4252163164400494,1.8370360586448289,1.8502950594310048,1.5791994832751437,2.1799393218130376
hose,5.0,VCB,VNM,0.4276885043263288,0.5006180469715699,1.170427489177489,1.1907526484562563,0.9614778787869757,1.4695318040087046
hose,5.0,VCB,VPB,0.4276885043263288,0.4431396786155748,1.3092357242339834,1.3582763468696104,1.025528783178767,1.7505975052413865
hose,5.0,VIX,VND,0.7027194066749073,0.4252163164400494,1.4740813709272718,1.4482992763265825,1.2081079838473603,1.691362704494593
hose,5.0,VIX,VNM,0.7027194066749073,0.5006180469715699,0.929213277095177,1.016994281834238,0.8463251667999737,1.2282165483822283
hose,5.0,VIX,VPB,0.7027194066749073,0.4431396786155748,1.2003285279984308,1.189421306498717,0.9988261434261848,1.4864805750520462
hose,5.0,VND,VNM,0.4252163164400494,0.5006180469715699,1.1472512737999463,1.2154594448022233,1.0001846132394758,1.4938825644126479
hose,5.0,VND,VPB,0.4252163164400494,0.4431396786155748,1.2287766346207905,1.209958553341282,1.0248190926509433,1.4506605460323168
hose,5.0,VNM,VPB,0.5006180469715699,0.4431396786155748,1.0732655732655734,1.131467174459013,0.920684740381466,1.458466105860146
hose,15.0,BID,CTG,0.75,0.7944444444444444,1.5151315789473685,1.4211538461538462,0.9006122345611793,2.2753216557056013
hose,15.0,BID,DCM,0.75,0.3962962962962963,0.7073823791916358,0.6917874396135265,0.46119584197315294,0.9830521472392636
hose,15.0,BID,DIG,0.75,0.5518518518518518,1.1495489792688716,1.2850940665701882,0.749967616580311,2.3234965026043075
hose,15.0,BID,DXG,0.75,0.7240740740740741,1.3814756671899528,1.3368794326241138,0.6958529397944594,2.336566742081446
hose,15.0,BID,FPT,0.75,0.8629629629629629,2.188679245283019,1.7227979274611396,1.2007645014701955,2.337126919997088
hose,15.0,BID,GAS,0.75,0.44814814814814813,1.2477064220183487,1.4345794392523366,1.0171988047808764,2.0065247252747254
hose,15.0,BID,GEX,0.75,0.837037037037037,1.2337662337662338,0.937381404174573,0.5911936710866922,1.577890728642587
hose,15.0,BID,HHV,0.75,0.3074074074074074,1.9751203852327448,1.793036750483559,1.0855291909457643,2.969459010237008
hose,15.0,BID,HPG,0.75,0.9537037037037037,1.17578125,1.1612903225806452,0.2718386671461105,3.6778124999999964
hose,15.0,BID,HSG,0.75,0.31666666666666665,1.1901944209636517,1.0247592847317744,0.6197062896553684,1.6745373266604102
hose,15.0,BID,KDH,0.75,0.4537037037037037,1.5785714285714285,1.500683994528044,0.9536003814973772,2.298794771346338
hose,15.0,BID,MBB,0.75,0.9055555555555556,1.28125,1.271186440677966,0.6655691964285716,2.568807339449541
hose,15.0,BID,MSN,0.75,0.7111111111111111,1.8950982713710631,1.8710217755443888,0.9333680541441405,3.5368578997418822
hose,15.0,BID,MWG,0.75,0.5777777777777777,1.3246307110958433,1.1753554502369663,0.8619753183659837,1.69983078307652
hose,15.0,BID,NLG,0.75,0.4648148148148148,0.6659827409329552,0.7795648060548724,0.4902494202247615,1.3253598010176957
hose,15.0,BID,POW,0.75,0.44814814814814813,1.7386018237082066,1.7836990595611288,1.1000552425146393,2.904956324248776
hose,15.0,BID,PVD,0.75,0.40925925925925927,1.01027006466337,0.8853575482406355,0.5747792102729463,1.2922654573033077
hose,15.0,BID,REE,0.75,0.24814814814814815,1.2093023255813953,1.0850077279752706,0.7130655513468012,1.646723924720794
hose,15.0,BID,SBT,0.75,0.2759259259259259,0.8337028824833703,0.755813953488372,0.3729141166870666,1.579144238256218
hose,15.0,BID,SHB,0.75,0.8981481481481481,1.5301455301455302,1.1424332344213652,0.47357050032488635,1.867076666864926
hose,15.0,BID,SSI,0.75,0.9703703703703703,1.3776223776223777,1.358695652173913,0.0,4.130514705882355
hose,15.0,BID,STB,0.75,0.6185185185185185,1.2050632911392405,1.3526244952893671,0.9477418318399256,1.991239081759331
hose,15.0,BID,TCB,0.75,0.9722222222222222,1.0936849410131853,1.5294117647058822,0.0,2.2222222222222223
hose,15.0,BID,TCH,0.75,0.55,1.09375,0.9942594718714121,0.7529367469879519,1.3269683357879234
hose,15.0,BID,VCB,0.75,0.8074074074074075,1.2037735849056603,1.139655172413793,0.6896741186463665,1.873747223405112
hose,15.0,BID,VIX,0.75,0.9740740740740741,1.2061068702290076,0.8782608695652175,0.216501962907811,1.8737068965517243
hose,15.0,BID,VND,0.75,0.825925925925926,1.2611940298507462,1.1728880157170922,0.8331457925636009,1.6014773878807678
hose,15.0,BID,VNM,0.75,0.8351851851851851,1.4757162555538532,2.032738095238095,1.2489999605312496,2.94857207144835
hose,15.0,BID,VPB,0.75,0.8148148148148148,0.9359886201991465,0.9573283858998145,0.5131214566910929,1.6468164491536375
hose,15.0,CTG,DCM,0.7944444444444444,0.3962962962962963,0.7209199469261389,0.8054945054945054,0.44920038212284735,1.5038364604865633
hose,15.0,CTG,DIG,0.7944444444444444,0.5518518518518518,0.6030377668308703,0.7108140947752125,0.5118790849673202,1.0364363876367833
hose,15.0,CTG,DXG,0.7944444444444444,0.7240740740740741,1.6539604600077529,1.6334012219959266,1.0617543104902656,2.719875145180023
hose,15.0,CTG,FPT,0.7944444444444444,0.8629629629629629,1.5262515262515262,1.609375,0.7809160174837728,3.032767402376909
hose,15.0,CTG,GAS,0.7944444444444444,0.44814814814814813,1.6582709326072158,1.7376725838264298,1.0361730599647265,2.772954934703489
hose,15.0,CTG,GEX,0.7944444444444444,0.837037037037037,1.2606965174129354,1.0119047619047619,0.48555677054856955,1.5339850962806647
hose,15.0,CTG,HHV,0.7944444444444444,0.3074074074074074,0.6356589147286822,0.6836492890995262,0.48430316527289624,0.9899930410960914
hose,15.0,CTG,HPG,0.7944444444444444,0.9537037037037037,1.2330827067669172,1.159090909090909,0.23012581168831167,3.0204937938478134
hose,15.0,CTG,HSG,0.7944444444444444,0.31666666666666665,0.9084745762711864,0.9292929292929294,0.545663832590696,1.7074638752986675
hose,15.0,CTG,KDH,0.7944444444444444,0.4537037037037037,1.3424043062200957,1.4305772230889235,1.0438216173791999,1.9857019625874006
hose,15.0,CTG,MBB,0.7944444444444444,0.9055555555555556,1.8959398496240603,2.2085308056872037,1.071046365914787,4.433479013770924
hose,15.0,CTG,MSN,0.7944444444444444,0.7111111111111111,1.236,1.3610619469026553,0.8673655295338658,2.055900302305076
hose,15.0,CTG,MWG,0.7944444444444444,0.5777777777777777,1.2669491525423728,1.2472067039106147,0.8805155046103321,1.9820361386883274
hose,15.0,CTG,NLG,0.7944444444444444,0.4648148148148148,0.7820828667413214,0.8427464008859358,0.5263140777117257,1.3323758966685737
hose,15.0,CTG,POW,0.7944444444444444,0.44814814814814813,1.3682507583417594,1.4209726443768995,0.8796960352422906,2.431890077912325
hose,15.0,CTG,PVD,0.7944444444444444,0.40925925925925927,1.4290757381258024,1.5362563237774025,1.178640073925766,2.017573324022345
hose,15.0,CTG,REE,0.7944444444444444,0.24814814814814815,1.0338164251207729,1.0986394557823131,0.6776345411663807,2.2758799474222284
hose,15.0,CTG,SBT,0.7944444444444444,0.2759259259259259,1.314102564102564,1.4156118143459917,0.9262582728702963,2.6541193087404453
hose,15.0,CTG,SHB,0.7944444444444444,0.8981481481481481,1.51953125,2.1069518716577535,1.0260000000000002,4.109289168278529
hose,15.0,CTG,SSI,0.7944444444444444,0.9703703703703703,3.141025641025641,4.5476190476190474,1.2070707070707072,18.8388888888889
hose,15.0,CTG,STB,0.7944444444444444,0.6185185185185185,1.8081835383159885,1.9544626593806924,1.1912650136320095,2.9183198924731166
hose,15.0,CTG,TCB,0.7944444444444444,0.9722222222222222,1.4205607476635513,1.1224489795918369,0.0,4.825416666666664
hose,15.0,CTG,TCH,0.7944444444444444,0.55,1.3176470588235294,1.13061797752809,0.7772180030366972,1.5610816542948034
hose,15.0,CTG,VCB,0.7944444444444444,0.8074074074074075,1.5668991756499684,1.7394540942928043,1.0686422285202863,2.653603617589398
hose,15.0,CTG,VIX,0.7944444444444444,0.9740740740740741,2.20125786163522,3.0625,0.8650000000000001,9.866875
hose,15.0,CTG,VND,0.7944444444444444,0.825925925925926,1.3178617157490398,1.4202898550724639,0.7683402493228697,2.4693776165624812
hose,15.0,CTG,VNM,0.7944444444444444,0.8351851851851851,1.1466794075489728,1.3484848484848482,0.6108933229511389,2.534963859945554
hose,15.0,CTG,VPB,0.7944444444444444,0.8148148148148148,1.8994708994708995,2.101092896174863,1.0151848973808106,4.218666079683026
hose,15.0,DCM,DIG,0.3962962962962963,0.5518518518518518,1.061439158498685,0.8548530721282279,0.584624557871966,1.1912704371037703
hose,15.0,DCM,DXG,0.3962962962962963,0.7240740740740741,0.8266338174273858,0.874310915104741,0.6305797476416034,1.2600328803036285
hose,15.0,DCM,FPT,0.3962962962962963,0.8629629629629629,0.7890483785220628,0.7239819004524887,0.4451898556392137,1.0812276337610194
hose,15.0,DCM,GAS,0.3962962962962963,0.44814814814814813,0.8050718954248366,0.8240740740740741,0.531124271630266,1.3307135626912503
hose,15.0,DCM,GEX,0.3962962962962963,0.837037037037037,0.9383617193836172,1.15,0.8003083426694454,1.6625809588549625
hose,15.0,DCM,HHV,0.3962962962962963,0.3074074074074074,1.3933907818799904,1.2573696145124715,0.968637436564557,1.6544506954653393
hose,15.0,DCM,HPG,0.3962962962962963,0.9537037037037037,2.7320261437908497,2.504950495049505,1.0575155822438431,10.080729166666663
hose,15.0,DCM,HSG,0.3962962962962963,0.31666666666666665,1.7135669673837612,1.4093637454981993,1.0444856036941466,1.853356158673828
hose,15.0,DCM,KDH,0.3962962962962963,0.4537037037037037,1.1296705998033432,1.0575414123801221,0.8308552576523828,1.3170446002058824
hose,15.0,DCM,MBB,0.3962962962962963,0.9055555555555556,1.117078410311493,1.1726027397260275,0.6906184587782096,2.0747682980749604
hose,15.0,DCM,MSN,0.3962962962962963,0.7111111111111111,1.1127969802383244,1.0270833333333333,0.6988610510127927,1.4910207757896001
hose,15.0,DCM,MWG,0.3962962962962963,0.5777777777777777,0.7850895460224906,0.784167289021658,0.5342000038490906,1.1437717844423496
hose,15.0,DCM,NLG,0.3962962962962963,0.4648148148148148,0.925962925962926,0.9528535980148882,0.7229074795785208,1.2936422673094197
hose,15.0,DCM,POW,0.3962962962962963,0.44814814814814813,1.2099489795918368,1.1284153005464483,0.720916184522622,1.7006297130435755
hose,15.0,DCM,PVD,0.3962962962962963,0.40925925925925927,1.0134860961928631,0.8765743073047858,0.5718306157866976,1.2910774763098625
hose,15.0,DCM,REE,0.3962962962962963,0.24814814814814815,1.4389619883040936,1.322942643391521,0.9006284224842813,1.9545704351364963
hose,15.0,DCM,SBT,0.3962962962962963,0.2759259259259259,1.578626501703425,1.481638418079096,1.0740635085292762,2.200221954079297
hose,15.0,DCM,SHB,0.3962962962962963,0.8981481481481481,1.6816202090592334,1.5408805031446542,0.7180959461726037,3.2839169316375134
hose,15.0,DCM,SSI,0.3962962962962963,0.9703703703703703,2.0063694267515926,1.4285714285714286,0.319872340425532,5.38050483351235
hose,15.0,DCM,STB,0.3962962962962963,0.6185185185185185,0.9563178823669061,0.9535283993115318,0.6884430670311109,1.2824980393339767
hose,15.0,DCM,TCB,0.3962962962962963,0.9722222222222222,1.3227848101265822,2.021276595744681,0.898888888888889,7.237692307692295
hose,15.0,DCM,TCH,0.3962962962962963,0.55,0.9482467019957154,0.9964317573595004,0.7630478868621201,1.3838793474353004
hose,15.0,DCM,VCB,0.3962962962962963,0.8074074074074075,1.7033023077903864,1.5253054101221637,1.0354885519073014,2.335520679886684
hose,15.0,DCM,VIX,0.3962962962962963,0.9740740740740741,1.6613924050632911,1.5047619047619047,0.40361111111111114,9.23181818181817
hose,15.0,DCM,VND,0.3962962962962963,0.825925925925926,1.5887171356850311,1.5027522935779818,1.02305353954138,2.1471021091923004
hose,15.0,DCM,VNM,0.3962962962962963,0.8351851851851851,0.8589473684210527,0.7789904502046385,0.5215540194572453,1.3404769574944067
hose,15.0,DCM,VPB,0.3962962962962963,0.8148148148148148,1.1459253930736821,1.185647425897036,0.7088620913191487,1.9358948903796227
hose,15.0,DIG,DXG,0.5518518518518518,0.7240740740740741,1.1282013541360023,2.0905660377358486,1.508659940465214,2.8718014705882333
hose,15.0,DIG,FPT,0.5518518518518518,0.8629629629629629,1.273170731707317,1.3041474654377883,0.6818163645372379,2.3506144968128253
hose,15.0,DIG,GAS,0.5518518518518518,0.44814814814814813,0.6631055442991343,0.8167587476979743,0.46027767628790645,1.4508311215805216
hose,15.0,DIG,GEX,0.5518518518518518,0.837037037037037,0.48791460160121997,0.44387096774193546,0.2787657900186375,0.763685082241852
hose,15.0,DIG,HHV,0.5518518518518518,0.3074074074074074,1.2099646694065902,1.1344632768361587,0.694582724267256,1.9324879469666527
hose,15.0,DIG,HPG,0.5518518518518518,0.9537037037037037,2.2733529990167156,1.3793103448275863,0.4459409853165369,4.444232929020664
hose,15.0,DIG,HSG,0.5518518518518518,0.31666666666666665,1.2163892445582587,0.8924843423799581,0.6129290514622582,1.2379531134186443
hose,15.0,DIG,KDH,0.5518518518518518,0.4537037037037037,0.670639320029564,0.6332842415316641,0.44807604462244605,0.8888333669659974
hose,15.0,DIG,MBB,0.5518518518518518,0.9055555555555556,0.9275862068965517,0.706521739130435,0.31600914475573877,1.2774896978021972
hose,15.0,DIG,MSN,0.5518518518518518,0.7111111111111111,0.8666666666666667,0.7046728971962617,0.4175395755006822,1.1000011785680608
hose,15.0,DIG,MWG,0.5518518518518518,0.5777777777777777,0.9352992957746479,0.9558160504959422,0.7004950288408108,1.254139848246991
hose,15.0,DIG,NLG,0.5518518518518518,0.4648148148148148,0.9271068169618895,0.8364987613542527,0.6238129958778423,1.1706446363486185
hose,15.0,DIG,POW,0.5518518518518518,0.44814814814814813,0.9257700814587042,0.996268656716418,0.7538759809963889,1.3854072229049892
hose,15.0,DIG,PVD,0.5518518518518518,0.40925925925925927,1.6005619639160011,1.4572098475967177,1.1417344206741342,1.7586899554947335
hose,15.0,DIG,REE,0.5518518518518518,0.24814814814814815,1.1308247995554497,1.0246478873239437,0.7458598003396815,1.52291867366459
hose,15.0,DIG,SBT,0.5518518518518518,0.2759259259259259,0.9200904135088419,0.7361530715005034,0.329311180173719,1.3750938673341673
hose,15.0,DIG,SHB,0.5518518518518518,0.8981481481481481,1.1165389527458494,0.8997613365155133,0.44488193934587006,1.5791579318901332
hose,15.0,DIG,SSI,0.5518518518518518,0.9703703703703703,1.2393162393162394,0.7480916030534351,0.0,1.732243243243244
hose,15.0,DIG,STB,0.5518518518518518,0.6185185185185185,1.1972736625514404,1.0989999999999995,0.7727366635831021,1.583328019286103
hose,15.0,DIG,TCB,0.5518518518518518,0.9722222222222222,0.4385026737967914,0.647887323943662,0.3209309133489462,1.3517307692307696
hose,15.0,DIG,TCH,0.5518518518518518,0.55,0.7869343721905904,1.10989010989011,0.8978993748620833,1.3704117247831211
hose,15.0,DIG,VCB,0.5518518518518518,0.8074074074074075,1.2343178899535712,1.0635838150289019,0.5626850425836206,1.7639403012157489
hose,15.0,DIG,VIX,0.5518518518518518,0.9740740740740741,3.168103448275862,2.0609756097560976,0.8099244505494507,10.5
hose,15.0,DIG,VND,0.5518518518518518,0.825925925925926,1.1022222222222222,1.0597243491577337,0.657061912054255,1.5923376225298547
hose,15.0,DIG,VNM,0.5518518518518518,0.8351851851851851,0.807840263784576,0.6411682892906814,0.372936843487395,1.030704650836026
hose,15.0,DIG,VPB,0.5518518518518518,0.8148148148148148,0.8689655172413793,0.9793510324483777,0.7454074060679176,1.268458747361681
hose,15.0,DXG,FPT,0.7240740740740741,0.8629629629629629,1.0462853773584906,1.1528822055137846,0.5860058309037901,2.5088517171000086
hose,15.0,DXG,GAS,0.7240740740740741,0.44814814814814813,1.7632988901645619,1.0418781725888329,0.7706215970961888,1.6238507025761122
hose,15.0,DXG,GEX,0.7240740740740741,0.837037037037037,1.1972588013974739,0.9395085066162571,0.533068051153198,1.72788128122245
hose,15.0,DXG,HHV,0.7240740740740741,0.3074074074074074,0.8352,0.8516209476309228,0.537908355467138,1.3408861331685928
hose,15.0,DXG,HPG,0.7240740740740741,0.9537037037037037,0.4860426929392447,0.9081632653061225,0.0,3.081094527363178
hose,15.0,DXG,HSG,0.7240740740740741,0.31666666666666665,1.0078890748266793,1.293510324483776,0.9098627028925722,1.7741065532011246
hose,15.0,DXG,KDH,0.7240740740740741,0.4537037037037037,0.9143518518518519,0.673132880698351,0.5078154690789098,0.9027250104713327
hose,15.0,DXG,MBB,0.7240740740740741,0.9055555555555556,0.6141428320758028,0.6637426900584795,0.3355462476009346,1.680849407550289
hose,15.0,DXG,MSN,0.7240740740740741,0.7111111111111111,1.1921208850512681,1.2415384615384615,0.6895294910416998,1.9235773190961956
hose,15.0,DXG,MWG,0.7240740740740741,0.5777777777777777,0.8611439842209073,0.9505178365937862,0.6254273170870096,1.3910196461839286
hose,15.0,DXG,NLG,0.7240740740740741,0.4648148148148148,0.5769026360544217,0.5637823371989293,0.35497832520942807,0.85556647215868
hose,15.0,DXG,POW,0.7240740740740741,0.44814814814814813,1.1098884976525822,0.854014598540146,0.49653327667308994,1.397074062785736
hose,15.0,DXG,PVD,0.7240740740740741,0.40925925925925927,1.0791207164532604,1.1405269761606023,0.7487427126399405,1.7203262563865707
hose,15.0,DXG,REE,0.7240740740740741,0.24814814814814815,0.7135306553911205,0.6893667861409798,0.48482520556823955,1.0566588774221048
hose,15.0,DXG,SBT,0.7240740740740741,0.2759259259259259,1.0532801418439717,0.8273273273273274,0.5190311446176662,1.3266937335958005
hose,15.0,DXG,SHB,0.7240740740740741,0.8981481481481481,2.0478670634920637,1.8360655737704916,1.089229660474055,4.3773408239700355
hose,15.0,DXG,SSI,0.7240740740740741,0.9703703703703703,0.3663751214771623,1.3243243243243243,0.0,7.461805555555544
hose,15.0,DXG,STB,0.7240740740740741,0.6185185185185185,0.8587962962962963,1.0750636132315523,0.7542275597000005,1.6251417386609075
hose,15.0,DXG,TCB,0.7240740740740741,0.9722222222222222,1.3229166666666667,1.0272727272727271,0.43055555555555547,2.0
hose,15.0,DXG,TCH,0.7240740740740741,0.55,1.9585640822784811,1.4638069705093832,1.0212415287096666,2.2759260787063766
hose,15.0,DXG,VCB,0.7240740740740741,0.8074074074074075,1.0799454917101976,1.3608695652173912,0.855393568221745,2.158932783018867
hose,15.0,DXG,VIX,0.7240740740740741,0.9740740740740741,1.0510344827586207,1.3766233766233766,0.2812319701340574,7.236764705882353
hose,15.0,DXG,VND,0.7240740740740741,0.825925925925926,1.0040650406504066,0.9526411657559197,0.6661805647397432,1.4732177807455844
hose,15.0,DXG,VNM,0.7240740740740741,0.8351851851851851,1.1005291005291005,1.5971014492753624,1.1612063476300079,2.2113709997355193
hose,15.0,DXG,VPB,0.7240740740740741,0.8148148148148148,2.787126932758001,1.9953161592505857,1.2428865979381447,3.111149032992036
hose,15.0,FPT,GAS,0.8629629629629629,0.44814814814814813,0.8905681191395477,0.9530075187969923,0.5945709310850439,1.4648362299465225
hose,15.0,FPT,GEX,0.8629629629629629,0.837037037037037,1.11103825136612,1.003012048192771,0.3933287795992714,2.1008590691605047
hose,15.0,FPT,HHV,0.8629629629629629,0.3074074074074074,2.0746132848043675,1.6218750000000002,1.0906437599450312,3.213592346556887
hose,15.0,FPT,HPG,0.8629629629629629,0.9537037037037037,0.852752880921895,0.7343750000000001,0.0,1.9911363636363633
hose,15.0,FPT,HSG,0.8629629629629629,0.31666666666666665,2.17753120665742,1.9895470383275262,1.1369936550342294,3.94691268191268
hose,15.0,FPT,KDH,0.8629629629629629,0.4537037037037037,1.340689655172414,1.292156862745098,0.7805325863280466,2.171705426356589
hose,15.0,FPT,MBB,0.8629629629629629,0.9055555555555556,1.6196646341463414,1.6270270270270268,0.7386346300533945,3.3335784313725485
hose,15.0,FPT,MSN,0.8629629629629629,0.7111111111111111,0.9714884696016771,0.872566371681416,0.4167131649071592,1.7356469819945888
hose,15.0,FPT,MWG,0.8629629629629629,0.5777777777777777,1.3519736842105263,1.1851851851851851,0.9312457474976843,1.4966041407222916
hose,15.0,FPT,NLG,0.8629629629629629,0.4648148148148148,1.1637145748987854,1.4175152749490836,1.1034811791410026,2.0423172819489923
hose,15.0,FPT,POW,0.8629629629629629,0.44814814814814813,0.8905681191395477,0.8401898734177216,0.5488958935294632,1.3754471730439741
hose,15.0,FPT,PVD,0.8629629629629629,0.40925925925925927,1.525712515489467,1.353191489361702,0.713033795259167,2.6451221896383186
hose,15.0,FPT,REE,0.8629629629629629,0.24814814814814815,1.8323643410852712,1.602523659305994,0.8819669162038154,3.228316445376191
hose,15.0,FPT,SBT,0.8629629629629629,0.2759259259259259,0.9557621865314173,1.039408866995074,0.5506535069587984,1.8711390197350477
hose,15.0,FPT,SHB,0.8629629629629629,0.8981481481481481,1.6746031746031746,1.3584905660377358,0.6538660922897198,2.639798010250225
hose,15.0,FPT,SSI,0.8629629629629629,0.9703703703703703,0.8968253968253969,0.6956521739130436,0.0,5.937777777777767
hose,15.0,FPT,STB,0.8629629629629629,0.6185185185185185,1.5482081271554955,1.6183035714285718,1.020957593964219,2.490941254125412
hose,15.0,FPT,TCB,0.8629629629629629,0.9722222222222222,1.5985915492957747,3.3448275862068964,0.0,16.499999999999996
hose,15.0,FPT,TCH,0.8629629629629629,0.55,0.981184668989547,0.9215017064846415,0.4612354330878616,1.735142712034
hose,15.0,FPT,VCB,0.8629629629629629,0.8074074074074075,1.1849529780564263,1.05,0.5929141127144255,1.8752292471042469
hose,15.0,FPT,VIX,0.8629629629629629,0.9740740740740741,1.0509259259259258,0.7945205479452054,0.0,1.6113888888888888
hose,15.0,FPT,VND,0.8629629629629629,0.825925925925926,0.9063729346970889,0.7860696517412936,0.36617644381050646,1.7153174603174592
hose,15.0,FPT,VNM,0.8629629629629629,0.8351851851851851,0.8685388685388685,1.0265780730897012,0.4944735962566844,1.8512786502546683
hose,15.0,FPT,VPB,0.8629629629629629,0.8148148148148148,1.787037037037037,2.2436974789915967,1.3086257590284434,3.6508637328701026
hose,15.0,GAS,GEX,0.44814814814814813,0.837037037037037,1.0243023375553495,0.7979626485568762,0.5252480355583777,1.1581911716576665
hose,15.0,GAS,HHV,0.44814814814814813,0.3074074074074074,0.7695815295815296,0.8657921291624622,0.5397486764551495,1.3048068271185957
hose,15.0,GAS,HPG,0.44814814814814813,0.9537037037037037,0.7391070467993545,0.9639175257731958,0.3671971889210417,3.0649865591397845
hose,15.0,GAS,HSG,0.44814814814814813,0.31666666666666665,0.7938061247985264,0.9815817984832067,0.6679709358308199,1.3622665946172083
hose,15.0,GAS,KDH,0.44814814814814813,0.4537037037037037,1.3206865401987353,1.0759734093067426,0.8173540112788795,1.5044039118406203
hose,15.0,GAS,MBB,0.44814814814814813,0.9055555555555556,0.9049815498154982,1.0265486725663717,0.5987755761219216,1.7576197661259902
hose,15.0,GAS,MSN,0.44814814814814813,0.7111111111111111,1.2421116504854368,1.309711286089239,0.8414566623987805,2.121902425361521
hose,15.0,GAS,MWG,0.44814814814814813,0.5777777777777777,1.0054719562243501,1.115606936416185,0.8103114762403323,1.4979270036273136
hose,15.0,GAS,NLG,0.44814814814814813,0.4648148148148148,1.1455522388059702,1.2351738241308796,0.8392700619467637,1.8873281743203336
hose,15.0,GAS,POW,0.44814814814814813,0.44814814814814813,1.9276147959183674,1.5833333333333333,1.0430489026930323,2.5478797187268687
hose,15.0,GAS,PVD,0.44814814814814813,0.40925925925925927,0.9682700993676604,0.9674641148325358,0.694766212406015,1.316670289735571
hose,15.0,GAS,REE,0.44814814814814813,0.24814814814814815,1.1252655598394838,1.1446540880503147,0.8003061887062826,1.5939862868399117
hose,15.0,GAS,SBT,0.44814814814814813,0.2759259259259259,1.2617564621613204,1.2158940397350992,0.7383419540828009,1.8944537162209236
hose,15.0,GAS,SHB,0.44814814814814813,0.8981481481481481,0.8956248212753789,0.8133640552995391,0.49518042412889757,1.9354288111641023
hose,15.0,GAS,SSI,0.44814814814814813,0.9703703703703703,1.0454770143351457,2.807017543859649,0.6761670761670762,11.01666666666666
hose,15.0,GAS,STB,0.44814814814814813,0.6185185185185185,1.4834302325581394,1.846675712347354,1.2709378407851692,2.642300686806811
hose,15.0,GAS,TCB,0.44814814814814813,0.9722222222222222,3.3426573426573425,2.5762711864406778,1.086759925702345,6.021551724137929
hose,15.0,GAS,TCH,0.44814814814814813,0.55,1.4805463576158941,1.11519364448858,0.7759559349441801,1.517161917506297
hose,15.0,GAS,VCB,0.44814814814814813,0.8074074074074075,1.5272232304900182,1.8529411764705879,1.3193082758962666,2.9033029631866833
hose,15.0,GAS,VIX,0.44814814814814813,0.9740740740740741,0.601027397260274,0.7600000000000001,0.07865853658536585,3.011904761904764
hose,15.0,GAS,VND,0.44814814814814813,0.825925925925926,0.9555597401374635,0.8639652677279307,0.5899434871295269,1.3107226946989752
hose,15.0,GAS,VNM,0.44814814814814813,0.8351851851851851,0.8003952569169961,1.1389891696750905,0.6923223753976671,1.980949040418726
hose,15.0,GAS,VPB,0.44814814814814813,0.8148148148148148,1.4853364002300173,1.1451048951048952,0.7461257891387713,1.9409204443781685
hose,15.0,GEX,HHV,0.837037037037037,0.3074074074074074,0.8320675105485232,0.8832752613240419,0.5499622002085507,1.868761140819964
hose,15.0,GEX,HPG,0.837037037037037,0.9537037037037037,2.083676268861454,2.602564102564102,0.9835962253753961,7.787237026647962
hose,15.0,GEX,HSG,0.837037037037037,0.31666666666666665,1.2023529411764706,1.2260869565217392,0.8030965593083225,2.3753357438016525
hose,15.0,GEX,KDH,0.837037037037037,0.4537037037037037,1.2423411065386374,1.2092624356775301,0.7419791133646554,1.935842621317183
hose,15.0,GEX,MBB,0.837037037037037,0.9055555555555556,0.9511627906976744,0.7590361445783131,0.2225857454166469,1.2798913043478233
hose,15.0,GEX,MSN,0.837037037037037,0.7111111111111111,1.3382594417077176,1.24248496993988,0.6468277942496083,2.249362888338253
hose,15.0,GEX,MWG,0.837037037037037,0.5777777777777777,1.1075477810171688,1.152542372881356,0.6571009112692419,1.7553433612266198
hose,15.0,GEX,NLG,0.837037037037037,0.4648148148148148,1.0506224066390042,1.052547770700637,0.6760241522272816,1.5023341836734692
hose,15.0,GEX,POW,0.837037037037037,0.44814814814814813,1.0243023375553495,1.0450751252086812,0.770621671085666,1.504445805266381
hose,15.0,GEX,PVD,0.837037037037037,0.40925925925925927,0.8014760147601476,0.7968069666182873,0.5051078146972069,1.188956837873141
hose,15.0,GEX,REE,0.837037037037037,0.24814814814814815,0.8008163265306123,0.7609841827768012,0.47939952975221567,1.3266177215189874
hose,15.0,GEX,SBT,0.837037037037037,0.2759259259259259,2.050733752620545,1.536050156739812,0.9365624100061488,2.5655743384439402
hose,15.0,GEX,SHB,0.837037037037037,0.8981481481481481,1.692063492063492,1.7552083333333333,0.7970674503156159,4.737522176227084
hose,15.0,GEX,SSI,0.837037037037037,0.9703703703703703,0.7275747508305648,0.8088235294117647,0.0,1.56
hose,15.0,GEX,STB,0.837037037037037,0.6185185185185185,1.0851815072271875,1.0618729096989965,0.614198860332818,1.907394598155466
hose,15.0,GEX,TCB,0.837037037037037,0.9722222222222222,1.2941176470588236,0.8295454545454545,0.0,1.5333333333333332
hose,15.0,GEX,TCH,0.837037037037037,0.55,2.08812030075188,1.9431818181818181,1.1226548269581056,2.874743237245086
hose,15.0,GEX,VCB,0.837037037037037,0.8074074074074075,1.004532944795208,1.0603015075376885,0.6566909125259778,1.5342866373739985
hose,15.0,GEX,VIX,0.837037037037037,0.9740740740740741,0.3881520778072502,0.24242424242424243,0.0,1.1433766233766232
hose,15.0,GEX,VND,0.837037037037037,0.825925925925926,0.9701751343852957,0.896470588235294,0.47246402613001387,1.5952507598784196
hose,15.0,GEX,VNM,0.837037037037037,0.8351851851851851,0.529746835443038,0.761006289308176,0.2807257195628752,1.614177123552123
hose,15.0,GEX,VPB,0.837037037037037,0.8148148148148148,1.3676470588235294,1.1710843373493975,0.7669956620687443,1.9742405737886926
hose,15.0,HHV,HPG,0.3074074074074074,0.9537037037037037,11.314285714285715,11.000000000000002,3.550833333333333,14.85416666666667
hose,15.0,HHV,HSG,0.3074074074074074,0.31666666666666665,1.8256389934614623,1.5961538461538463,1.0944359693488388,2.322309353459558
hose,15.0,HHV,KDH,0.3074074074074074,0.4537037037037037,1.0243261012491782,1.002941176470588,0.6659795112402228,1.4175677747086026
hose,15.0,HHV,MBB,0.3074074074074074,0.9055555555555556,1.192030521407376,1.15210355987055,0.6434546527641157,2.9398431594860157
hose,15.0,HHV,MSN,0.3074074074074074,0.7111111111111111,1.7060367454068242,1.54874213836478,0.9302320266995451,2.605778679955394
hose,15.0,HHV,MWG,0.3074074074074074,0.5777777777777777,1.3387096774193548,1.2519001085776331,0.779147675404171,2.036921861573102
hose,15.0,HHV,NLG,0.3074074074074074,0.4648148148148148,0.9271978021978022,1.0346878097125867,0.7256067145602028,1.4217936901068258
hose,15.0,HHV,POW,0.3074074074074074,0.44814814814814813,0.7975604034717335,0.7279151943462897,0.47718991126543214,1.066300071530758
hose,15.0,HHV,PVD,0.3074074074074074,0.40925925925925927,1.3818664169787764,1.2455555555555557,0.7644976578819658,2.0322277987718467
hose,15.0,HHV,REE,0.3074074074074074,0.24814814814814815,1.5548454688318492,1.5,0.9605331349856587,2.1309369472287725
hose,15.0,HHV,SBT,0.3074074074074074,0.2759259259259259,0.6396187882913547,0.6542792792792794,0.44930658685888153,1.0294861871874257
hose,15.0,HHV,SHB,0.3074074074074074,0.8981481481481481,0.9027365644576327,0.5868131868131868,0.32774582330807567,1.1181533378901793
hose,15.0,HHV,SSI,0.3074074074074074,0.9703703703703703,1.3425414364640884,0.9811320754716982,0.5,3.12
hose,15.0,HHV,STB,0.3074074074074074,0.6185185185185185,0.9754849137931034,0.9931034482758619,0.6273864636631943,1.6193968910973253
hose,15.0,HHV,TCB,0.3074074074074074,0.9722222222222222,0.4964871194379391,0.8450704225352114,0.4284735812133072,1.9864357482813304
hose,15.0,HHV,TCH,0.3074074074074074,0.55,1.0997536945812807,1.1363636363636362,0.8572010357815444,1.5533907601551014
hose,15.0,HHV,VCB,0.3074074074074074,0.8074074074074075,0.6503225806451612,0.5558060879368658,0.3557881336053463,0.9148706947567755
hose,15.0,HHV,VIX,0.3074074074074074,0.9740740740740741,1.6464646464646464,1.3717948717948718,0.5358173076923077,5.046153846153848
hose,15.0,HHV,VND,0.3074074074074074,0.825925925925926,1.4568804706557612,1.3380855397148674,0.9143655545362367,2.0532187804141353
hose,15.0,HHV,VNM,0.3074074074074074,0.8351851851851851,1.1643870967741936,1.121272365805169,0.722990089054251,1.9551347592037285
hose,15.0,HHV,VPB,0.3074074074074074,0.8148148148148148,1.7248157248157248,1.8679706601466992,1.0035845588235295,3.666823308270676
hose,15.0,HPG,HSG,0.9537037037037037,0.31666666666666665,1.2014652014652014,0.7696078431372547,0.3329596412556054,2.3299769850402754
hose,15.0,HPG,KDH,0.9537037037037037,0.4537037037037037,1.5037833532457188,1.6219512195121955,0.6756154669521007,5.897727272727272
hose,15.0,HPG,MBB,0.9537037037037037,0.9055555555555556,0.8269742679680568,0.7333333333333333,0.0,2.021974789915965
hose,15.0,HPG,MSN,0.9537037037037037,0.7111111111111111,1.6849315068493151,1.4678362573099415,0.5576575491023015,2.9768646694214858
hose,15.0,HPG,MWG,0.9537037037037037,0.5777777777777777,1.2777777777777777,1.2142857142857142,0.4089545495617602,3.5508674863387975
hose,15.0,HPG,NLG,0.9537037037037037,0.4648148148148148,2.3152345809172377,2.4565217391304355,0.9675186056756004,10.078301127214168
hose,15.0,HPG,POW,0.9537037037037037,0.44814814814814813,0.8742690058479532,0.8898678414096917,0.42535872235872235,2.3123144712430417
hose,15.0,HPG,PVD,0.9537037037037037,0.40925925925925927,1.2438577191052438,0.9668246445497629,0.30467140618002686,3.5218516588500934
hose,15.0,HPG,REE,0.9537037037037037,0.24814814814814815,0.6883033419023136,0.6103896103896103,0.35128185328185335,1.2337336519114674
hose,15.0,HPG,SBT,0.9537037037037037,0.2759259259259259,1.217293906810036,1.2679738562091503,0.5799618834080718,2.953571428571428
hose,15.0,HPG,SHB,0.9537037037037037,0.8981481481481481,0.3557098765432099,0.27999999999999997,0.0,1.2447940074906363
hose,15.0,HPG,SSI,0.9537037037037037,0.9703703703703703,1.3888888888888888,0.8048780487804879,0.0,2.9999999999999996
hose,15.0,HPG,STB,0.9537037037037037,0.6185185185185185,1.0850340136054422,0.9815668202764978,0.36239766081871344,3.2309405940594056
hose,15.0,HPG,TCB,0.9537037037037037,0.9722222222222222,0.0,0.0,0.0,0.0
hose,15.0,HPG,TCH,0.9537037037037037,0.55,0.4597457627118644,0.5224489795918368,0.18434996662216288,1.5559891823221423
hose,15.0,HPG,VCB,0.9537037037037037,0.8074074074074075,0.5589558955895589,0.4293478260869566,0.0,0.7942009540846738
hose,15.0,HPG,VIX,0.9537037037037037,0.9740740740740741,0.0,0.0,0.0,0.0
hose,15.0,HPG,VND,0.9537037037037037,0.825925925925926,1.5322966507177034,1.5470085470085473,0.5441132637853949,2.94
hose,15.0,HPG,VNM,0.9537037037037037,0.8351851851851851,1.6436271401395053,1.6160714285714282,0.5327450980392158,4.441499999999999
hose,15.0,HPG,VPB,0.9537037037037037,0.8148148148148148,1.105263157894737,1.7209302325581397,0.492572463768116,4.921966911764706
hose,15.0,HSG,KDH,0.31666666666666665,0.4537037037037037,1.247376311844078,1.2154340836012862,0.7488716858935437,1.7865537091229047
hose,15.0,HSG,MBB,0.31666666666666665,0.9055555555555556,1.2497848537005163,1.1292307692307693,0.6528753520082999,2.16479086406164
hose,15.0,HSG,MSN,0.31666666666666665,0.7111111111111111,0.8277153558052435,0.6892822025565387,0.46329011472575826,1.0738631744867309
hose,15.0,HSG,MWG,0.31666666666666665,0.5777777777777777,1.0430507573744352,0.9900596421471174,0.722713181261482,1.3657954362896203
hose,15.0,HSG,NLG,0.31666666666666665,0.4648148148148148,1.208671896889885,1.2981090100111239,1.0278702893796923,1.7324535397951342
hose,15.0,HSG,POW,0.31666666666666665,0.44814814814814813,0.7141758241758241,0.6447688564476887,0.4196904502309281,0.9532265689229924
hose,15.0,HSG,PVD,0.31666666666666665,0.40925925925925927,1.578804347826087,1.3276059564719358,0.9029143407941902,1.92163289464671
hose,15.0,HSG,REE,0.31666666666666665,0.24814814814814815,1.0262706043956045,0.8998822143698468,0.5623741292182167,1.4796190306203392
hose,15.0,HSG,SBT,0.31666666666666665,0.2759259259259259,1.0354986718184014,0.825526932084309,0.5302845329175775,1.3932601624819712
hose,15.0,HSG,SHB,0.31666666666666665,0.8981481481481481,1.4017857142857142,1.0825396825396827,0.6796102898591124,2.5839369158878496
hose,15.0,HSG,SSI,0.31666666666666665,0.9703703703703703,1.403361344537815,0.6206896551724138,0.2030880773361977,2.4683333333333337
hose,15.0,HSG,STB,0.31666666666666665,0.6185185185185185,0.7840425531914894,0.7332738626226585,0.5613451986754967,0.950093930635838
hose,15.0,HSG,TCB,0.31666666666666665,0.9722222222222222,0.519192718638702,0.7880794701986754,0.5102040816326531,1.128655902920609
hose,15.0,HSG,TCH,0.31666666666666665,0.55,0.7071393880524527,0.7502160760587727,0.5442954036775526,0.9993531448248336
hose,15.0,HSG,VCB,0.31666666666666665,0.8074074074074075,1.4063926940639269,1.1418439716312059,0.689802647173519,2.207346236366885
hose,15.0,HSG,VIX,0.31666666666666665,0.9740740740740741,1.7206703910614525,1.1805555555555556,0.4820286429365963,3.416666666666667
hose,15.0,HSG,VND,0.31666666666666665,0.825925925925926,1.3432,1.2406015037593985,0.744222000952132,2.129509509509509
hose,15.0,HSG,VNM,0.31666666666666665,0.8351851851851851,1.0770901194353963,1.0170132325141776,0.7622246411869052,1.4751509889778047
hose,15.0,HSG,VPB,0.31666666666666665,0.8148148148148148,1.489795918367347,1.713953488372093,1.172271744579521,3.3158894310746367
hose,15.0,KDH,MBB,0.4537037037037037,0.9055555555555556,1.1050922761449078,1.199475065616798,0.8877420963143833,1.8145299774310666
hose,15.0,KDH,MSN,0.4537037037037037,0.7111111111111111,1.1065643648763854,1.1209593326381646,0.8217212332961858,1.6063782120492331
hose,15.0,KDH,MWG,0.4537037037037037,0.5777777777777777,0.9534883720930233,0.942051683633516,0.6526705997115283,1.4208450030207957
hose,15.0,KDH,NLG,0.4537037037037037,0.4648148148148148,0.8379357868408963,0.9024577572964667,0.6829872726791635,1.2176042413991448
hose,15.0,KDH,POW,0.4537037037037037,0.44814814814814813,1.6338742393509127,1.4061597690086622,1.007569367336901,2.0559329030151003
hose,15.0,KDH,PVD,0.4537037037037037,0.40925925925925927,0.8234864681649893,0.7447604790419162,0.49640312332996855,1.1246801021197583
hose,15.0,KDH,REE,0.4537037037037037,0.24814814814814815,1.2808988764044944,1.1928251121076234,0.8436478219597089,1.6164154086767297
hose,15.0,KDH,SBT,0.4537037037037037,0.2759259259259259,1.1782899181743112,1.130128956623681,0.8153137919555764,1.645579288497733
hose,15.0,KDH,SHB,0.4537037037037037,0.8981481481481481,1.3895274584929758,1.0547263681592038,0.6612564220183486,1.758473712446352
hose,15.0,KDH,SSI,0.4537037037037037,0.9703703703703703,1.3976608187134503,1.9148936170212765,0.8195283882783883,10.274519230769231
hose,15.0,KDH,STB,0.4537037037037037,0.6185185185185185,0.6514400152584399,0.7099719101123597,0.48782939082631754,0.9659869014225606
hose,15.0,KDH,TCB,0.4537037037037037,0.9722222222222222,1.6842105263157894,1.8510638297872337,1.1176470588235294,4.684210526315789
hose,15.0,KDH,TCH,0.4537037037037037,0.55,1.1370312873178887,1.0068027210884354,0.778203170439642,1.3225430079976155
hose,15.0,KDH,VCB,0.4537037037037037,0.8074074074074075,0.9616457461645747,0.9284833538840935,0.5924724082016949,1.547104690052111
hose,15.0,KDH,VIX,0.4537037037037037,0.9740740740740741,3.124413145539906,3.693877551020408,1.2454287190082645,17.069230769230757
hose,15.0,KDH,VND,0.4537037037037037,0.825925925925926,1.276370843426558,1.168141592920354,0.7922933228864089,1.643831423543274
hose,15.0,KDH,VNM,0.4537037037037037,0.8351851851851851,0.966920114545275,1.1389776357827475,0.9192389807162534,1.3472970731538751
hose,15.0,KDH,VPB,0.4537037037037037,0.8148148148148148,1.2439024390243902,1.0957290132547866,0.7140940965427268,1.7094687950937948
hose,15.0,MBB,MSN,0.9055555555555556,0.7111111111111111,1.3873517786561265,1.193548387096774,0.6659074482065551,2.5897331154684085
hose,15.0,MBB,MWG,0.9055555555555556,0.5777777777777777,1.137979094076655,1.210659898477157,0.7753153574969703,2.0086304227542584
hose,15.0,MBB,NLG,0.9055555555555556,0.4648148148148148,1.161013986013986,1.0405727923627686,0.6681832162145256,1.7352744405182565
hose,15.0,MBB,POW,0.9055555555555556,0.44814814814814813,1.1780383795309168,1.3613445378151259,0.6612504678973187,2.844981849241933
hose,15.0,MBB,PVD,0.9055555555555556,0.40925925925925927,1.431578947368421,1.369186046511628,0.9304437896374298,2.214407504562043
hose,15.0,MBB,REE,0.9055555555555556,0.24814814814814815,0.4712,0.43820224719101114,0.2809035148981174,0.7389329330870279
hose,15.0,MBB,SBT,0.9055555555555556,0.2759259259259259,1.1261712791457834,0.9969604863221884,0.4986347543192965,2.2968300929839387
hose,15.0,MBB,SHB,0.9055555555555556,0.8981481481481481,3.191413237924866,3.7010309278350526,1.9997767857142856,6.676430842607314
hose,15.0,MBB,SSI,0.9055555555555556,0.9703703703703703,1.3848396501457727,1.2765957446808514,0.0,3.1048094373865682
hose,15.0,MBB,STB,0.9055555555555556,0.6185185185185185,2.3235747303543914,2.1215277777777777,0.9805607925769844,4.368134437199725
hose,15.0,MBB,TCB,0.9055555555555556,0.9722222222222222,1.4945054945054945,1.2653061224489794,0.0,2.268848637015782
hose,15.0,MBB,TCH,0.9055555555555556,0.55,1.1953069865913903,1.4689265536723166,0.8661080210772836,3.0454620194534474
hose,15.0,MBB,VCB,0.9055555555555556,0.8074074074074075,0.8887218045112782,0.80718954248366,0.35205393211269087,1.3707859848484845
hose,15.0,MBB,VIX,0.9055555555555556,0.9740740740740741,5.797101449275362,4.848484848484849,1.7500000000000004,12.394117647058815
hose,15.0,MBB,VND,0.9055555555555556,0.825925925925926,1.9344594594594595,2.005,0.9253757447626371,3.5419450019113143
hose,15.0,MBB,VNM,0.9055555555555556,0.8351851851851851,1.0955357142857143,1.059322033898305,0.4586320635986072,1.8903293348462737
hose,15.0,MBB,VPB,0.9055555555555556,0.8148148148148148,1.402097902097902,1.2766798418972334,0.4524188163351375,3.0875845165652445
hose,15.0,MSN,MWG,0.7111111111111111,0.5777777777777777,1.0049382716049382,1.0607902735562311,0.7475518808420878,1.4227743181687136
hose,15.0,MSN,NLG,0.7111111111111111,0.4648148148148148,0.7093590470788429,0.7028753993610225,0.4787944951562302,1.044743686283596
hose,15.0,MSN,POW,0.7111111111111111,0.44814814814814813,1.2421116504854368,1.2626832018038332,0.8738962345286617,1.8366713819863423
hose,15.0,MSN,PVD,0.7111111111111111,0.40925925925925927,0.8260869565217391,0.7102473498233216,0.5466184406072441,0.984878780364771
hose,15.0,MSN,REE,0.7111111111111111,0.24814814814814815,0.8161758869751568,0.753880266075388,0.5760801406075039,1.027825083457955
hose,15.0,MSN,SBT,0.7111111111111111,0.2759259259259259,1.3899138991389914,1.2149532710280377,0.7909138734004146,1.980999412302467
hose,15.0,MSN,SHB,0.7111111111111111,0.8981481481481481,2.070381231671554,2.017730496453901,1.3233359133126934,2.9305211381293508
hose,15.0,MSN,SSI,0.7111111111111111,0.9703703703703703,1.122817579771222,0.9596774193548385,0.0,2.0169491525423724
hose,15.0,MSN,STB,0.7111111111111111,0.6185185185185185,1.4842681258549932,1.4157706093189963,1.107154041194117,1.8652632313922635
hose,15.0,MSN,TCB,0.7111111111111111,0.9722222222222222,0.8923444976076556,1.1348314606741574,0.0,2.5011904761904766
hose,15.0,MSN,TCH,0.7111111111111111,0.55,1.0676691729323309,1.133042529989095,0.8577419798584718,1.484704107399342
hose,15.0,MSN,VCB,0.7111111111111111,0.8074074074074075,1.471089928508717,1.3694915254237288,0.8736609045022996,2.0462518166404258
hose,15.0,MSN,VIX,0.7111111111111111,0.9740740740740741,0.9842105263157894,0.7596899224806203,0.0,2.215303951367779
hose,15.0,MSN,VND,0.7111111111111111,0.825925925925926,1.2636190476190476,1.2055749128919862,0.7006927244582042,1.8159400386847193
hose,15.0,MSN,VNM,0.7111111111111111,0.8351851851851851,1.0870217554388597,1.1316793893129773,0.6500664865324878,1.8521845244763078
hose,15.0,MSN,VPB,0.7111111111111111,0.8148148148148148,1.0066540978152378,0.9339622641509434,0.5475820172059578,1.3590398655337403
hose,15.0,MWG,NLG,0.5777777777777777,0.4648148148148148,0.8845295055821372,0.948382126348228,0.6379785699310803,1.5161850459146928
hose,15.0,MWG,POW,0.5777777777777777,0.44814814814814813,0.8111834349853928,0.7697893972403776,0.5797948485802761,1.0737753912489176
hose,15.0,MWG,PVD,0.5777777777777777,0.40925925925925927,1.1097605893186004,1.056288478452067,0.7654980991647035,1.3913984410289673
hose,15.0,MWG,REE,0.5777777777777777,0.24814814814814815,1.1578044596912522,1.1289592760180995,0.7367827146473609,1.7608598964009745
hose,15.0,MWG,SBT,0.5777777777777777,0.2759259259259259,0.8567164179104477,1.0032362459546926,0.6396932352201745,1.6505137360090667
hose,15.0,MWG,SHB,0.5777777777777777,0.8981481481481481,1.2560600887674975,1.1267605633802817,0.6562696078431375,1.9585078534031413
hose,15.0,MWG,SSI,0.5777777777777777,0.9703703703703703,1.0663650075414781,0.9319727891156463,0.23976608187134504,1.5328277191558441
hose,15.0,MWG,STB,0.5777777777777777,0.6185185185185185,1.2526652452025586,1.3268101761252449,1.0162127323595544,1.7813171714798817
hose,15.0,MWG,TCB,0.5777777777777777,0.9722222222222222,0.6771300448430493,0.7905405405405405,0.0,2.8666666666666667
hose,15.0,MWG,TCH,0.5777777777777777,0.55,1.0123428571428572,0.9991589571068124,0.6941377033470455,1.3892304758183431
hose,15.0,MWG,VCB,0.5777777777777777,0.8074074074074075,0.9105098855359001,0.8592057761732853,0.5843309204086162,1.1811142524530185
hose,15.0,MWG,VIX,0.5777777777777777,0.9740740740740741,0.5392857142857143,0.593939393939394,0.11823787625418059,2.1474687313877285
hose,15.0,MWG,VND,0.5777777777777777,0.825925925925926,0.7776411697549838,0.7476190476190476,0.5015914036996736,1.1316460817717202
hose,15.0,MWG,VNM,0.5777777777777777,0.8351851851851851,1.4188405797101449,1.5207207207207203,0.9617164504667395,2.2897056870254344
hose,15.0,MWG,VPB,0.5777777777777777,0.8148148148148148,1.3333333333333333,1.6178010471204187,1.0291369284190273,2.3811013249021378
hose,15.0,NLG,POW,0.4648148148148148,0.44814814814814813,0.6649797570850202,0.6887052341597795,0.47239016056496375,0.9581152729226194
hose,15.0,NLG,PVD,0.4648148148148148,0.40925925925925927,1.0085318369216674,1.1015761821366024,0.6884724056817152,1.776748528449967
hose,15.0,NLG,REE,0.4648148148148148,0.24814814814814815,1.0289181899910098,1.11371237458194,0.7242931619810381,1.6233302245498238
hose,15.0,NLG,SBT,0.4648148148148148,0.2759259259259259,0.8854444806252035,0.7878495660559306,0.5621286226139893,1.2137598700513057
hose,15.0,NLG,SHB,0.4648148148148148,0.8981481481481481,1.047104247104247,1.282258064516129,0.8776619851386843,1.7595750088963438
hose,15.0,NLG,SSI,0.4648148148148148,0.9703703703703703,0.5109540636042402,0.45226130653266333,0.0,1.1589234650967195
hose,15.0,NLG,STB,0.4648148148148148,0.6185185185185185,1.1258385093167702,1.049436253252385,0.8668428195199236,1.3040186048407416
hose,15.0,NLG,TCB,0.4648148148148148,0.9722222222222222,2.443345323741007,2.0789473684210527,0.356827731092437,6.938333333333332
hose,15.0,NLG,TCH,0.4648148148148148,0.55,0.7389233655650166,0.8064516129032258,0.562846687211094,1.154704361174931
hose,15.0,NLG,VCB,0.4648148148148148,0.8074074074074075,1.066397652237711,1.1013157894736842,0.7573798369295914,1.61371625603465
hose,15.0,NLG,VIX,0.4648148148148148,0.9740740740740741,1.162514827995255,1.1171171171171168,0.13663721899016018,4.709219858156031
hose,15.0,NLG,VND,0.4648148148148148,0.825925925925926,0.9346296296296296,0.9898089171974522,0.5905986144060672,1.8435906495154588
hose,15.0,NLG,VNM,0.4648148148148148,0.8351851851851851,0.9156857115513446,0.7984395318595581,0.4701972705578874,1.4251244469026545
hose,15.0,NLG,VPB,0.4648148148148148,0.8148148148148148,2.105769230769231,2.2268722466960353,1.5829608446210923,3.512072756942852
hose,15.0,POW,PVD,0.44814814814814813,0.40925925925925927,1.2792722547108513,1.1721915285451197,0.7582984424427219,1.7438347235264875
hose,15.0,POW,REE,0.44814814814814813,0.24814814814814815,1.0811728395061728,1.0379746835443038,0.6985566438958568,1.636487518625415
hose,15.0,POW,SBT,0.44814814814814813,0.2759259259259259,1.086849710982659,1.088410991636798,0.8045750831066341,1.4764677403856814
hose,15.0,POW,SHB,0.44814814814814813,0.8981481481481481,1.2452830188679245,0.9598108747044917,0.6378651115618662,1.4108054112916737
hose,15.0,POW,SSI,0.44814814814814813,0.9703703703703703,1.3657407407407407,1.8333333333333337,1.040923466160658,7.347368421052639
hose,15.0,POW,STB,0.44814814814814813,0.6185185185185185,0.7128205128205128,0.8018720748829955,0.5942378401590432,1.0888017670767554
hose,15.0,POW,TCB,0.44814814814814813,0.9722222222222222,0.7036082474226805,0.8125,0.0,3.3980357142857085
hose,15.0,POW,TCH,0.44814814814814813,0.55,1.4805463576158941,1.3122529644268774,0.975116261229327,1.7525554780326775
hose,15.0,POW,VCB,0.44814814814814813,0.8074074074074075,1.1911490530860562,1.165945165945166,0.7823410134224837,1.8902430893891993
hose,15.0,POW,VIX,0.44814814814814813,0.9740740740740741,1.4761245674740484,1.964705882352942,0.771767618919283,7.170698924731183
hose,15.0,POW,VND,0.44814814814814813,0.825925925925926,1.2422792518486299,1.170015455950541,0.825381922639556,1.7569990896747498
hose,15.0,POW,VNM,0.44814814814814813,0.8351851851851851,0.8916714095996965,1.0317220543806647,0.6704067044278634,1.6052823041655597
hose,15.0,POW,VPB,0.44814814814814813,0.8148148148148148,0.7741935483870968,0.6955503512880561,0.34659996372649776,1.179303803486529
hose,15.0,PVD,REE,0.40925925925925927,0.24814814814814815,1.006557877077932,0.894949494949495,0.5626032700206145,1.5732999766994091
hose,15.0,PVD,SBT,0.40925925925925927,0.2759259259259259,1.3058984910836762,1.2470433639947438,0.8952538930760433,1.8064529938135223
hose,15.0,PVD,SHB,0.40925925925925927,0.8981481481481481,1.136173767752715,0.8363636363636363,0.42645836818916966,1.4439812007277129
hose,15.0,PVD,SSI,0.40925925925925927,0.9703703703703703,1.542857142857143,1.1512605042016808,0.439252336448598,2.8627819548872173
hose,15.0,PVD,STB,0.40925925925925927,0.6185185185185185,1.2697197539302802,1.326701570680628,0.9484922205425237,1.98800583690695
hose,15.0,PVD,TCB,0.40925925925925927,0.9722222222222222,0.7864033073036288,0.9603174603174603,0.17777777777777778,3.6944082013047517
hose,15.0,PVD,TCH,0.40925925925925927,0.55,0.8423046566692975,0.8870967741935483,0.5941863016489664,1.2963084272796326
hose,15.0,PVD,VCB,0.40925925925925927,0.8074074074074075,1.0281637947007596,0.8517587939698493,0.5777534893267652,1.271343498209175
hose,15.0,PVD,VIX,0.40925925925925927,0.9740740740740741,0.6858974358974359,0.7799999999999999,0.21889284836569187,1.946846846846846
hose,15.0,PVD,VND,0.40925925925925927,0.825925925925926,1.3469579516091144,1.2107843137254903,0.82343483707609,1.9182159548751003
hose,15.0,PVD,VNM,0.40925925925925927,0.8351851851851851,0.9164375490966221,0.9831288343558281,0.6801780192937975,1.2911731283422458
hose,15.0,PVD,VPB,0.40925925925925927,0.8148148148148148,1.359955005624297,1.3877887788778878,0.7836297754930461,2.401431226765798
hose,15.0,REE,SBT,0.24814814814814815,0.2759259259259259,1.2757009345794392,1.1912181303116147,0.6739271383795404,2.134074431596459
hose,15.0,REE,SHB,0.24814814814814815,0.8981481481481481,0.9628180039138943,0.8279569892473118,0.4113881332254981,1.4680024765013788
hose,15.0,REE,SSI,0.24814814814814815,0.9703703703703703,0.9898477157360406,0.8275862068965516,0.2786181972789116,2.551293103448273
hose,15.0,REE,STB,0.24814814814814815,0.6185185185185185,1.0937628063273501,1.0961098398169336,0.6849344580652992,1.761317791411042
hose,15.0,REE,TCB,0.24814814814814815,0.9722222222222222,0.9050632911392406,1.0701754385964912,0.22807017543859648,3.307692307692308
hose,15.0,REE,TCH,0.24814814814814815,0.55,0.796347757046447,0.7844660194174757,0.5329836881442385,1.2444783481276678
hose,15.0,REE,VCB,0.24814814814814815,0.8074074074074075,0.9275019700551616,0.8277439024390244,0.5290393946625305,1.3549224128729247
hose,15.0,REE,VIX,0.24814814814814815,0.9740740740740741,1.2160337552742615,1.0348837209302326,0.37777777777777777,3.4133333333333327
hose,15.0,REE,VND,0.24814814814814815,0.825925925925926,0.734873949579832,0.6610169491525425,0.3871964144236074,1.2863462274990418
hose,15.0,REE,VNM,0.24814814814814815,0.8351851851851851,1.0825584671738517,1.1962025316455696,0.7062614751683026,2.3375799488327447
hose,15.0,REE,VPB,0.24814814814814815,0.8148148148148148,0.9879154078549849,1.003683241252302,0.6813605464547622,1.7213756825390916
hose,15.0,SBT,SHB,0.2759259259259259,0.8981481481481481,1.0180436847103513,0.9723926380368098,0.5065496031746032,2.0413828689370486
hose,15.0,SBT,SSI,0.2759259259259259,0.9703703703703703,2.7294429708222814,2.456521739130435,1.0290667166416794,6.6930871212121215
hose,15.0,SBT,STB,0.2759259259259259,0.6185185185185185,0.8839455782312925,0.8290598290598288,0.6671656609632788,1.0560680469191632
hose,15.0,SBT,TCB,0.2759259259259259,0.9722222222222222,0.7559055118110236,0.6535433070866142,0.2323232323232323,2.883928571428571
hose,15.0,SBT,TCH,0.2759259259259259,0.55,0.83125,0.8067581837381204,0.5917612279916444,1.056896841101021
hose,15.0,SBT,VCB,0.2759259259259259,0.8074074074074075,0.9821038847664775,0.944356120826709,0.6121991193737769,1.423383657850757
hose,15.0,SBT,VIX,0.2759259259259259,0.9740740740740741,1.4087719298245613,0.7701149425287357,0.17139099941554645,2.8339285714285705
hose,15.0,SBT,VND,0.2759259259259259,0.825925925925926,0.8775824175824176,0.7879746835443037,0.4682595491327614,1.2692828862990009
hose,15.0,SBT,VNM,0.2759259259259259,0.8351851851851851,0.7988095238095239,0.8466898954703832,0.5805715998256321,1.2765335066585404
hose,15.0,SBT,VPB,0.2759259259259259,0.8148148148148148,1.5433455433455434,1.2808988764044942,0.774109131403118,2.046428513111917
hose,15.0,SHB,SSI,0.8981481481481481,0.9703703703703703,1.2695417789757413,2.2758620689655173,0.0,9.44670329670328
hose,15.0,SHB,STB,0.8981481481481481,0.6185185185185185,2.288095238095238,3.6373056994818644,2.4058518401640954,7.664815789473679
hose,15.0,SHB,TCB,0.8981481481481481,0.9722222222222222,1.370101596516691,3.68421052631579,0.0,26.6875000000001
hose,15.0,SHB,TCH,0.8981481481481481,0.55,1.302325581395349,1.3432432432432433,0.7343505591212863,2.9154485795215512
hose,15.0,SHB,VCB,0.8981481481481481,0.8074074074074075,1.8508158508158508,1.8050847457627115,1.132862546273942,2.8778270042194083
hose,15.0,SHB,VIX,0.8981481481481481,0.9740740740740741,2.486013986013986,2.3421052631578947,0.0,7.874999999999999
hose,15.0,SHB,VND,0.8981481481481481,0.825925925925926,2.6180654338549076,2.4050000000000002,1.36076372025255,4.108803083923153
hose,15.0,SHB,VNM,0.8981481481481481,0.8351851851851851,2.3154197400772745,3.1857142857142855,1.3451440126257646,6.865299277605779
hose,15.0,SHB,VPB,0.8981481481481481,0.8148148148148148,1.9584859584859584,1.737556561085973,0.8170561284127912,3.3778450363196066
hose,15.0,SSI,STB,0.9703703703703703,0.6185185185185185,2.7891156462585034,2.3678160919540234,0.72675395256917,5.935999999999998
hose,15.0,SSI,TCB,0.9703703703703703,0.9722222222222222,0.0,0.0,0.0,0.0
hose,15.0,SSI,TCH,0.9703703703703703,0.55,0.7265822784810126,0.9576271186440678,0.41379310344827586,3.5420673076923066
hose,15.0,SSI,VCB,0.9703703703703703,0.8074074074074075,3.4238258877434133,2.6164383561643834,0.837837837837838,4.255425963488843
hose,15.0,SSI,VIX,0.9703703703703703,0.9740740740740741,0.0,0.0,0.0,0.0
hose,15.0,SSI,VND,0.9703703703703703,0.825925925925926,1.6074074074074074,1.4810126582278482,0.0,2.969409937888202
hose,15.0,SSI,VNM,0.9703703703703703,0.8351851851851851,4.1924119241192415,4.674418604651163,2.2771428571428576,16.621428571428556
hose,15.0,SSI,VPB,0.9703703703703703,0.8148148148148148,0.6209912536443148,1.297872340425532,0.0,3.9999999999999996
hose,15.0,STB,TCB,0.6185185185185185,0.9722222222222222,4.653846153846154,4.303571428571429,1.375,16.043750000000003
hose,15.0,STB,TCH,0.6185185185185185,0.55,0.9780411293133496,1.0892226148409896,0.6788365814561715,1.8000612330658547
hose,15.0,STB,VCB,0.6185185185185185,0.8074074074074075,2.2244444444444444,2.196850393700788,1.4433169081839976,3.476248952297107
hose,15.0,STB,VIX,0.6185185185185185,0.9740740740740741,1.2225,1.0446428571428572,0.35698621553884713,2.0149023277576297
hose,15.0,STB,VND,0.6185185185185185,0.825925925925926,1.5427160493827161,1.5866425992779785,1.1593255651336603,2.138892276422765
hose,15.0,STB,VNM,0.6185185185185185,0.8351851851851851,2.171040444581661,2.1707865168539326,1.5823964552238807,3.2082144850049965
hose,15.0,STB,VPB,0.6185185185185185,0.8148148148148148,1.4178430265386788,1.5086805555555558,0.8718210270833034,2.664176239479875
hose,15.0,TCB,TCH,0.9722222222222222,0.55,1.0715042372881356,0.9612403100775192,0.4077919863597614,3.027777777777778
hose,15.0,TCB,VCB,0.9722222222222222,0.8074074074074075,1.0495049504950495,1.2266666666666666,0.0,3.4199820788530455
hose,15.0,TCB,VIX,0.9722222222222222,0.9740740740740741,0.0,0.0,0.0,0.0
hose,15.0,TCB,VND,0.9722222222222222,0.825925925925926,1.1923076923076923,1.2602739726027394,0.0,4.842105263157895
hose,15.0,TCB,VNM,0.9722222222222222,0.8351851851851851,1.2761627906976745,1.6981132075471697,0.49669811320754786,7.144548872180449
hose,15.0,TCB,VPB,0.9722222222222222,0.8148148148148148,1.625,1.1089108910891088,0.0,2.6987154150197603
hose,15.0,TCH,VCB,0.55,0.8074074074074075,0.8733668341708543,0.9379746835443039,0.6219973794286717,1.4746355006043512
hose,15.0,TCH,VIX,0.55,0.9740740740740741,0.6722689075630253,0.7272727272727272,0.20890432339628529,2.253750000000001
hose,15.0,TCH,VND,0.55,0.825925925925926,1.150278293135436,1.1179104477611936,0.6573064911133093,1.8922131593155265
hose,15.0,TCH,VNM,0.55,0.8351851851851851,0.8462471994025392,1.0658105939004816,0.7072635034963801,1.558526495396304
hose,15.0,TCH,VPB,0.55,0.8148148148148148,1.2183141297756215,1.1083815028901733,0.7581820220749877,1.825172769281777
hose,15.0,VCB,VIX,0.8074074074074075,0.9740740740740741,2.3961840628507294,2.242857142857143,0.0,11.092202380952344
hose,15.0,VCB,VND,0.8074074074074075,0.825925925925926,1.3563685636856369,1.2483801295896326,0.7594286450629735,2.0272255437772806
hose,15.0,VCB,VNM,0.8074074074074075,0.8351851851851851,1.3692416725726435,1.4203655352480413,0.793806557038121,2.349241403067337
hose,15.0,VCB,VPB,0.8074074074074075,0.8148148148148148,1.4210526315789473,1.5763157894736841,0.7529658141287031,2.5826571428571428
hose,15.0,VIX,VND,0.9740740740740741,0.825925925925926,6.821705426356589,6.631578947368422,1.6803030303030306,63.89999999999997
hose,15.0,VIX,VNM,0.9740740740740741,0.8351851851851851,0.38286713286713286,0.39473684210526316,0.0,1.730769230769231
hose,15.0,VIX,VPB,0.9740740740740741,0.8148148148148148,2.52046783625731,2.8,0.44222222222222235,14.000961538461537
hose,15.0,VND,VNM,0.825925925925926,0.8351851851851851,1.0481208289427468,1.2017045454545454,0.7199380614314692,1.8249666331897347
hose,15.0,VND,VPB,0.825925925925926,0.8148148148148148,1.669172932330827,1.627717391304348,1.0643750313613325,2.65899555062183
hose,15.0,VNM,VPB,0.8351851851851851,0.8148148148148148,1.0468540829986612,1.1210526315789475,0.6117414070891515,2.3722419354838684
hose,60.0,DCM,DIG,0.8962962962962963,0.9185185185185185,0.8538461538461538,0.857142857142857,0.0,2.9999999999999996
hose,60.0,DCM,DXG,0.8962962962962963,0.9703703703703703,0.0,0.0,0.0,0.0
hose,60.0,DCM,GAS,0.8962962962962963,0.8074074074074075,1.1620553359683794,1.0000000000000002,0.0,2.128124999999997
hose,60.0,DCM,HHV,0.8962962962962963,0.725925925925926,1.5451388888888888,1.2857142857142856,0.2216666666666667,3.462499999999999
hose,60.0,DCM,HSG,0.8962962962962963,0.7481481481481481,3.4814814814814814,1.6666666666666665,0.173512585812357,6.284090909090898
hose,60.0,DCM,KDH,0.8962962962962963,0.8518518518518519,2.625,1.5999999999999996,0.0,6.999999999999999
hose,60.0,DCM,NLG,0.8962962962962963,0.9407407407407408,0.0,0.0,0.0,0.0
hose,60.0,DCM,POW,0.8962962962962963,0.8888888888888888,0.5879120879120879,0.23529411764705885,0.0,0.5220289855072461
hose,60.0,DCM,PVD,0.8962962962962963,0.8814814814814815,0.0,0.0,0.0,0.0
hose,60.0,DCM,REE,0.8962962962962963,0.7407407407407407,1.6851851851851851,1.0357142857142858,0.09090909090909091,4.724999999999991
hose,60.0,DCM,SBT,0.8962962962962963,0.5407407407407407,1.2,0.9615384615384615,0.25,4.270833333333338
hose,60.0,DIG,GAS,0.9185185185185185,0.8074074074074075,0.9259259259259259,1.9999999999999996,0.0,7.249999999999985
hose,60.0,DIG,HHV,0.9185185185185185,0.725925925925926,2.3958333333333335,3.714285714285715,1.0,13.212500000000006
hose,60.0,DIG,HSG,0.9185185185185185,0.7481481481481481,1.125,0.631578947368421,0.0,4.0
hose,60.0,DIG,KDH,0.9185185185185185,0.8518518518518519,1.308641975308642,1.9999999999999996,0.0,11.999999999999998
hose,60.0,DIG,NLG,0.9185185185185185,0.9407407407407408,0.0,0.0,0.0,0.0
hose,60.0,DIG,POW,0.9185185185185185,0.8888888888888888,0.0,0.0,0.0,0.0
hose,60.0,DIG,PVD,0.9185185185185185,0.8814814814814815,1.746031746031746,0.6923076923076923,0.0,1.1111111111111112
hose,60.0,DIG,REE,0.9185185185185185,0.7407407407407407,1.7142857142857142,1.1,0.05909090909090913,9.69999999999993
hose,60.0,DIG,SBT,0.9185185185185185,0.5407407407407407,0.6502463054187192,0.6956521739130436,0.19666666666666666,2.3033333333333323
hose,60.0,DXG,GAS,0.9703703703703703,0.8074074074074075,1.4133333333333333,0.8571428571428572,0.0,2.9999999999999996
hose,60.0,DXG,HHV,0.9703703703703703,0.725925925925926,0.0,0.0,0.0,0.0
hose,60.0,DXG,HSG,0.9703703703703703,0.7481481481481481,0.0,0.0,0.0,0.0
hose,60.0,DXG,KDH,0.9703703703703703,0.8518518518518519,1.9649122807017543,1.1666666666666665,0.0,6.999999999999999
hose,60.0,DXG,NLG,0.9703703703703703,0.9407407407407408,0.0,0.0,0.0,0.0
hose,60.0,DXG,POW,0.9703703703703703,0.8888888888888888,0.0,0.0,0.0,0.0
hose,60.0,DXG,PVD,0.9703703703703703,0.8814814814814815,0.0,0.0,0.0,0.0
hose,60.0,DXG,REE,0.9703703703703703,0.7407407407407407,2.9696969696969697,3.6666666666666665,0.0,14.799999999999955
hose,60.0,DXG,SBT,0.9703703703703703,0.5407407407407407,1.1833333333333333,0.75,0.0,1.5166666666666657
hose,60.0,GAS,HHV,0.8074074074074075,0.725925925925926,0.2877237851662404,0.30952380952380953,0.0,0.6947916666666665
hose,60.0,GAS,HSG,0.8074074074074075,0.7481481481481481,0.47878787878787876,0.65625,0.09615384615384617,2.445
hose,60.0,GAS,KDH,0.8074074074074075,0.8518518518518519,1.0568181818181819,1.0454545454545452,0.1555128205128205,3.360714285714282
hose,60.0,GAS,NLG,0.8074074074074075,0.9407407407407408,0.5828571428571429,1.2,0.0,2.9999999999999996
hose,60.0,GAS,POW,0.8074074074074075,0.8888888888888888,3.3333333333333335,2.533333333333333,0.5201086956521739,12.879166666666633
hose,60.0,GAS,PVD,0.8074074074074075,0.8814814814814815,0.5654761904761905,0.5384615384615384,0.0,2.3928571428571432
hose,60.0,GAS,REE,0.8074074074074075,0.7407407407407407,1.0657894736842106,0.9999999999999999,0.33333333333333337,2.5392857142857133
hose,60.0,GAS,SBT,0.8074074074074075,0.5407407407407407,0.8339869281045752,0.72,0.28111530172413796,1.8240950226244337
hose,60.0,HHV,HSG,0.725925925925926,0.7481481481481481,1.379598662207358,1.1538461538461537,0.5353649068322981,2.423214285714285
hose,60.0,HHV,KDH,0.725925925925926,0.8518518518518519,0.6212121212121212,0.5365853658536587,0.07451388888888891,1.4487356321839076
hose,60.0,HHV,NLG,0.725925925925926,0.9407407407407408,0.8761904761904762,2.0,0.0,11.999999999999998
hose,60.0,HHV,POW,0.725925925925926,0.8888888888888888,0.37362637362637363,0.27586206896551724,0.0,0.8823529411764705
hose,60.0,HHV,PVD,0.725925925925926,0.8814814814814815,0.8686868686868687,0.6333333333333333,0.181737012987013,1.2742424242424226
hose,60.0,HHV,REE,0.725925925925926,0.7407407407407407,1.3044871794871795,0.9999999999999998,0.3910671936758894,2.2817187499999996
hose,60.0,HHV,SBT,0.725925925925926,0.5407407407407407,0.6340579710144928,0.5373134328358209,0.24203030303030307,1.041815476190476
hose,60.0,HSG,KDH,0.7481481481481481,0.8518518518518519,1.3316326530612246,1.2307692307692308,0.2140756302521008,6.300833333333332
hose,60.0,HSG,NLG,0.7481481481481481,0.9407407407407408,1.8580645161290323,2.1666666666666665,0.0,7.568749999999994
hose,60.0,HSG,POW,0.7481481481481481,0.8888888888888888,0.4230769230769231,0.29629629629629634,0.0,1.0010869565217386
hose,60.0,HSG,PVD,0.7481481481481481,0.8814814814814815,2.6502057613168724,2.833333333333333,1.0547619047619046,12.499999999999996
hose,60.0,HSG,REE,0.7481481481481481,0.7407407407407407,1.0384615384615385,0.7555555555555555,0.2665,1.8276570048309166
hose,60.0,HSG,SBT,0.7481481481481481,0.5407407407407407,1.0628019323671498,0.6981132075471699,0.24981060606060612,1.5263931888544895
hose,60.0,KDH,NLG,0.8518518518518519,0.9407407407407408,0.0,0.0,0.0,0.0
hose,60.0,KDH,POW,0.8518518518518519,0.8888888888888888,2.3636363636363638,1.5714285714285716,0.0,3.574450549450547
hose,60.0,KDH,PVD,0.8518518518518519,0.8814814814814815,0.3508771929824561,0.25000000000000006,0.0,0.7504807692307688
hose,60.0,KDH,REE,0.8518518518518519,0.7407407407407407,0.9444444444444444,0.7419354838709675,0.0,3.193526785714283
hose,60.0,KDH,SBT,0.8518518518518519,0.5407407407407407,0.7530864197530864,0.8333333333333334,0.31539473684210534,2.2
hose,60.0,NLG,POW,0.9407407407407408,0.8888888888888888,0.0,0.0,0.0,0.0
hose,60.0,NLG,PVD,0.9407407407407408,0.8814814814814815,1.0666666666666667,2.0,0.0,16.0
hose,60.0,NLG,REE,0.9407407407407408,0.7407407407407407,0.0,0.0,0.0,0.0
hose,60.0,NLG,SBT,0.9407407407407408,0.5407407407407407,0.6915254237288135,0.7647058823529411,0.019791666666666655,13.0
hose,60.0,POW,PVD,0.8888888888888888,0.8814814814814815,2.0576923076923075,1.9,0.0,5.301428571428575
hose,60.0,POW,REE,0.8888888888888888,0.7407407407407407,2.0919540229885056,1.9333333333333336,0.39972222222222215,5.301874999999999
hose,60.0,POW,SBT,0.8888888888888888,0.5407407407407407,1.0340909090909092,0.9374999999999999,0.2764102564102565,3.208750000000002
hose,60.0,PVD,REE,0.8814814814814815,0.7407407407407407,2.5277777777777777,1.56,0.33333333333333337,6.641517857142844
hose,60.0,PVD,SBT,0.8814814814814815,0.5407407407407407,1.2037037037037037,1.2399999999999998,0.3191428571428572,3.1783088235294104
hose,60.0,REE,SBT,0.7407407407407407,0.5407407407407407,1.8412698412698412,1.5000000000000002,0.5237739872068231,4.7520833333333306
